"","SampleID","Group","Timepoint","Replicate","IsControl","ASV1","ASV2","ASV3","ASV4","ASV5","ASV6","ASV7","ASV8","ASV9","ASV10","ASV11","ASV12","ASV13","ASV14","ASV15","ASV16","ASV17","ASV18","ASV19","ASV21","ASV22","ASV23","ASV24","ASV25","ASV26","ASV27","ASV28","ASV29","ASV30","ASV31","ASV32","ASV33","ASV34","ASV35","ASV36","ASV37","ASV38","ASV39","ASV40","ASV41","ASV42","ASV43","ASV44","ASV45","ASV46","ASV47","ASV48","ASV49","ASV50","ASV51","ASV52","ASV53","ASV54","ASV55","ASV56","ASV57","ASV58","ASV59","ASV60","ASV61","ASV62","ASV63","ASV64","ASV65","ASV66","ASV68","ASV69","ASV70","ASV71","ASV72","ASV73","ASV74","ASV75","ASV76","ASV77","ASV78","ASV79","ASV80","ASV81","ASV82","ASV83","ASV84","ASV85","ASV86","ASV87","ASV88","ASV89","ASV90","ASV91","ASV92","ASV93","ASV94","ASV95","ASV96","ASV97","ASV98","ASV99","ASV101","ASV102","ASV103","ASV104","ASV105","ASV106","ASV107","ASV108","ASV109","ASV110","ASV111","ASV112","ASV113","ASV114","ASV115","ASV116","ASV117","ASV118","ASV119","ASV120","ASV121","ASV122","ASV123","ASV125","ASV126","ASV127","ASV128","ASV129","ASV130","ASV131","ASV132","ASV133","ASV134","ASV135","ASV136","ASV137","ASV138","ASV139","ASV140","ASV141","ASV142","ASV143","ASV144","ASV145","ASV146","ASV147","ASV148","ASV149","ASV150","ASV151","ASV152","ASV153","ASV154","ASV155","ASV156","ASV157","ASV158","ASV159","ASV160","ASV161","ASV162","ASV163","ASV164","ASV165","ASV166","ASV167","ASV168","ASV169","ASV170","ASV171","ASV172","ASV173","ASV174","ASV175","ASV176","ASV177","ASV178","ASV179","ASV180","ASV181","ASV182","ASV183","ASV184","ASV185","ASV186","ASV187","ASV188","ASV189","ASV190","ASV191","ASV192","ASV193","ASV194","ASV195","ASV196","ASV197","ASV198","ASV199","ASV200","ASV201","ASV202","ASV203","ASV204","ASV205","ASV206","ASV207","ASV208","ASV209","ASV210","ASV211","ASV212","ASV213","ASV214","ASV215","ASV216","ASV217","ASV218","ASV219","ASV220","ASV221","ASV222","ASV223","ASV224","ASV225","ASV226","ASV227","ASV228","ASV229","ASV230","ASV232","ASV233","ASV234","ASV235","ASV236","ASV237","ASV238","ASV239","ASV240","ASV241","ASV242","ASV243","ASV244","ASV245","ASV246","ASV247","ASV248","ASV249","ASV250","ASV251","ASV252","ASV253","ASV254","ASV255","ASV256","ASV257","ASV258","ASV259","ASV260","ASV261","ASV262","ASV263","ASV264","ASV265","ASV266","ASV267","ASV268","ASV269","ASV270","ASV271","ASV272","ASV273","ASV274","ASV275","ASV276","ASV277","ASV278","ASV279","ASV280","ASV281","ASV282","ASV283","ASV284","ASV285","ASV286","ASV287","ASV288","ASV289","ASV290","ASV291","ASV292","ASV293","ASV294","ASV295","ASV296","ASV297","ASV298","ASV299","ASV300","ASV301","ASV302","ASV303","ASV304","ASV305","ASV306","ASV307","ASV308","ASV309","ASV310","ASV311","ASV312","ASV313","ASV314","ASV315","ASV316","ASV317","ASV318","ASV319","ASV320","ASV321","ASV322","ASV323","ASV324","ASV325","ASV326","ASV327","ASV328","ASV329","ASV331","ASV332","ASV334","ASV335","ASV336","ASV337","ASV338","ASV339","ASV340","ASV341","ASV342","ASV343","ASV344","ASV345","ASV346","ASV347","ASV348","ASV349","ASV350","ASV351","ASV352","ASV353","ASV354","ASV355","ASV356","ASV357","ASV358","ASV359","ASV360","ASV361","ASV362","ASV363","ASV364","ASV365","ASV366","ASV367","ASV368","ASV369","ASV370","ASV371","ASV372","ASV373","ASV374","ASV375","ASV376","ASV377","ASV378","ASV379","ASV380","ASV381","ASV382","ASV383","ASV384","ASV385","ASV386","ASV387","ASV388","ASV389","ASV390","ASV391","ASV392","ASV393","ASV394","ASV395","ASV396","ASV397","ASV398","ASV399","ASV400","ASV401","ASV402","ASV403","ASV404","ASV405","ASV406","ASV407","ASV408","ASV409","ASV410","ASV411","ASV412","ASV413","ASV414","ASV415","ASV416","ASV417","ASV418","ASV419","ASV420","ASV421","ASV422","ASV423","ASV424","ASV425","ASV426","ASV427","ASV428","ASV429","ASV430","ASV431","ASV432","ASV433","ASV434","ASV435","ASV437","ASV438","ASV439","ASV440","ASV441","ASV442","ASV443","ASV444","ASV445","ASV446","ASV447","ASV448","ASV449","ASV450","ASV451","ASV452","ASV453","ASV454","ASV455","ASV456","ASV457","ASV458","ASV459","ASV460","ASV461","ASV462","ASV463","ASV465","ASV466","ASV467","ASV468","ASV469","ASV470","ASV471","ASV472","ASV473","ASV474","ASV475","ASV476","ASV477","ASV478","ASV479","ASV480","ASV481","ASV482","ASV483","ASV484","ASV485","ASV486","ASV487","ASV488","ASV489","ASV490","ASV491","ASV492","ASV493","ASV494","ASV495","ASV496","ASV497","ASV499","ASV501","ASV502","ASV503","ASV504","ASV506","ASV507","ASV508","ASV509","ASV510","ASV511","ASV512","ASV513","ASV514","ASV515","ASV516","ASV517","ASV518","ASV519","ASV520","ASV521","ASV522","ASV523","ASV524","ASV525","ASV526","ASV527","ASV528","ASV529","ASV530","ASV531","ASV532","ASV533","ASV534","ASV535","ASV536","ASV537","ASV538","ASV539","ASV540","ASV541","ASV542","ASV543","ASV544","ASV545","ASV546","ASV547","ASV548","ASV549","ASV550","ASV551","ASV552","ASV553","ASV554","ASV555","ASV556","ASV557","ASV558","ASV559","ASV560","ASV561","ASV562","ASV563","ASV564","ASV565","ASV566","ASV567","ASV568","ASV569","ASV570","ASV571","ASV572","ASV573","ASV574","ASV575","ASV576","ASV577","ASV578","ASV579","ASV580","ASV581","ASV582","ASV583","ASV584","ASV585","ASV586","ASV587","ASV588","ASV589","ASV590","ASV591","ASV592","ASV593","ASV594","ASV595","ASV596","ASV597","ASV598","ASV599","ASV600","ASV601","ASV602","ASV603","ASV604","ASV605","ASV606","ASV607","ASV608","ASV609","ASV610","ASV611","ASV612","ASV613","ASV614","ASV615","ASV616","ASV617","ASV618","ASV619","ASV620","ASV621","ASV622","ASV623","ASV624","ASV625","ASV626","ASV627","ASV628","ASV629","ASV630","ASV631","ASV632","ASV633","ASV634","ASV636","ASV637","ASV638","ASV639","ASV640","ASV641","ASV642","ASV643","ASV644","ASV645","ASV647","ASV648","ASV649","ASV650","ASV651","ASV652","ASV653","ASV654","ASV655","ASV656","ASV657","ASV658","ASV659","ASV660","ASV661","ASV662","ASV663","ASV664","ASV665","ASV666","ASV667","ASV668","ASV669","ASV670","ASV671","ASV672","ASV673","ASV674","ASV675","ASV676","ASV677","ASV678","ASV679","ASV680","ASV681","ASV682","ASV683","ASV684","ASV685","ASV686","ASV687","ASV688","ASV689","ASV690","ASV691","ASV692","ASV693","ASV694","ASV695","ASV696","ASV697","ASV698","ASV699","ASV700","ASV701","ASV702","ASV703","ASV704","ASV705","ASV706","ASV707","ASV708","ASV709","ASV710","ASV711","ASV712","ASV713","ASV714","ASV715","ASV716","ASV717","ASV719","ASV720","ASV721","ASV722","ASV723","ASV724","ASV725","ASV726","ASV727","ASV728","ASV729","ASV730","ASV731","ASV732","ASV733","ASV735","ASV736","ASV737","ASV738","ASV739","ASV740","ASV741","ASV742","ASV743","ASV744","ASV745","ASV746","ASV747","ASV748","ASV749","ASV750","ASV751","ASV752","ASV753","ASV754","ASV755","ASV756","ASV757","ASV759","ASV760","ASV761","ASV762","ASV763","ASV764","ASV765","ASV766","ASV767","ASV768","ASV769","ASV770","ASV771","ASV772","ASV773","ASV774","ASV775","ASV776","ASV777","ASV778","ASV779","ASV781","ASV782","ASV783","ASV784","ASV785","ASV786","ASV787","ASV788","ASV790","ASV791","ASV792","ASV793","ASV794","ASV795","ASV796","ASV797","ASV798","ASV799","ASV800","ASV801","ASV802","ASV803","ASV804","ASV805","ASV807","ASV809","ASV810","ASV811","ASV812","ASV813","ASV814","ASV815","ASV816","ASV817","ASV818","ASV819","ASV820","ASV821","ASV822","ASV823","ASV824","ASV825","ASV826","ASV827","ASV828","ASV829","ASV830","ASV832","ASV833","ASV834","ASV835","ASV836","ASV837","ASV838","ASV839","ASV840","ASV841","ASV842","ASV843","ASV844","ASV845","ASV846","ASV847","ASV848","ASV849","ASV850","ASV851","ASV852","ASV853","ASV854","ASV855","ASV856","ASV857","ASV859","ASV860","ASV861","ASV862","ASV863","ASV864","ASV865","ASV866","ASV867","ASV868","ASV869","ASV870","ASV871","ASV872","ASV873","ASV874","ASV875","ASV876","ASV877","ASV879","ASV880","ASV881","ASV882","ASV883","ASV884","ASV885","ASV886","ASV887","ASV888","ASV889","ASV891","ASV892","ASV893","ASV894","ASV895","ASV896","ASV897","ASV898","ASV899","ASV900","ASV901","ASV902","ASV903","ASV904","ASV906","ASV907","ASV908","ASV909","ASV910","ASV911","ASV912","ASV913","ASV914","ASV915","ASV916","ASV917","ASV918","ASV919","ASV920","ASV921","ASV922","ASV923","ASV924","ASV925","ASV926","ASV927","ASV928","ASV929","ASV931","ASV932","ASV934","ASV935","ASV936","ASV937","ASV939","ASV940","ASV941","ASV942","ASV943","ASV944","ASV945","ASV946","ASV947","ASV948","ASV949","ASV950","ASV952","ASV954","ASV955","ASV958","ASV959","ASV960","ASV961","ASV962","ASV963","ASV964","ASV965","ASV966","ASV967","ASV968","ASV969","ASV971","ASV973","ASV974","ASV975","ASV976","ASV977","ASV978","ASV979","ASV980","ASV981","ASV982","ASV983","ASV984","ASV985","ASV987","ASV988","ASV991","ASV992","ASV993","ASV995","ASV996","ASV997","ASV998","ASV999","ASV1000","ASV1001","ASV1002","ASV1003","ASV1004","ASV1007","ASV1008","ASV1009","ASV1010","ASV1011","ASV1012","ASV1013","ASV1014","ASV1015","ASV1016","ASV1017","ASV1018","ASV1019","ASV1020","ASV1021","ASV1022","ASV1023","ASV1024","ASV1025","ASV1026","ASV1027","ASV1029","ASV1030","ASV1031","ASV1032","ASV1033","ASV1035","ASV1036","ASV1037","ASV1038","ASV1041","ASV1042","ASV1043","ASV1044","ASV1045","ASV1048","ASV1049","ASV1050","ASV1051","ASV1052","ASV1053","ASV1054","ASV1055","ASV1056","ASV1057","ASV1058","ASV1059","ASV1060","ASV1061","ASV1062","ASV1063","ASV1064","ASV1065","ASV1066","ASV1068","ASV1069","ASV1070","ASV1072","ASV1073","ASV1074","ASV1075","ASV1076","ASV1077","ASV1078","ASV1080","ASV1081","ASV1082","ASV1083","ASV1084","ASV1085","ASV1086","ASV1088","ASV1090"
"Commercial_R1","Commercial_R1","Commercial",NA,1,FALSE,167,55,133,0,0,0,0,0,0,0,0,0,0,0,0,0,0,0,0,0,0,0,0,0,0,0,0,0,0,0,0,0,0,0,0,0,0,0,0,0,0,0,0,0,0,0,0,0,0,0,0,0,0,0,0,0,0,0,0,0,0,0,0,0,0,0,0,0,0,0,0,0,0,0,0,0,0,0,0,0,146,0,0,0,641,0,0,0,0,0,0,0,0,137,0,0,0,0,0,0,0,0,0,1092,0,0,0,0,0,0,0,0,0,641,0,0,0,0,732,0,0,0,0,0,0,0,0,0,54,0,0,0,0,0,0,0,0,0,0,0,0,0,0,0,0,0,0,0,0,352,0,0,0,0,0,0,72,0,0,0,0,0,0,0,0,0,0,0,0,0,0,0,0,0,0,0,0,0,0,0,0,0,0,0,0,0,0,0,0,495,0,0,0,0,0,0,0,0,0,0,0,0,0,0,42,0,0,0,0,0,0,0,0,0,0,0,0,0,0,0,0,147,0,0,0,0,0,0,0,346,0,0,238,0,0,0,0,0,0,0,0,0,0,0,0,0,282,0,0,97,0,0,0,0,145,0,0,260,0,171,0,0,0,0,0,0,0,0,0,0,0,0,231,124,0,0,0,0,219,0,0,0,0,0,0,0,0,0,0,0,0,206,72,0,143,0,0,0,0,0,0,0,0,0,0,195,0,0,0,0,0,89,186,0,0,183,41,0,0,0,0,0,0,0,0,0,0,0,0,0,0,115,0,0,0,0,0,0,0,0,0,0,0,0,150,150,0,0,143,0,0,0,140,0,0,0,0,137,0,0,0,27,0,0,0,0,0,0,0,129,0,0,110,127,126,0,0,0,0,0,0,121,0,119,0,118,0,0,0,0,0,0,0,115,0,0,0,0,0,0,0,0,0,0,0,0,0,108,0,0,0,0,106,0,105,105,0,0,0,103,0,0,0,0,0,0,0,0,0,98,0,0,97,0,0,0,0,95,42,0,0,0,0,0,0,0,0,0,92,0,0,0,0,0,0,0,0,0,0,0,87,0,0,0,0,0,0,85,85,0,84,0,0,0,0,0,0,0,0,0,0,0,0,0,0,0,0,0,0,0,77,0,0,0,0,0,0,0,0,75,0,0,0,0,0,0,0,0,0,0,73,0,0,0,0,0,0,0,0,0,0,0,0,0,0,0,0,0,0,0,0,0,0,68,0,0,0,0,0,0,0,0,67,67,67,0,0,0,0,0,0,0,0,0,0,0,64,64,0,0,0,0,63,0,0,0,0,0,0,0,0,0,60,0,0,0,0,0,0,58,0,0,0,0,0,0,0,0,0,0,0,0,0,0,0,0,0,0,0,0,0,0,0,0,0,0,0,0,0,0,0,0,0,0,0,41,0,0,0,0,0,0,0,0,0,0,0,0,0,0,0,0,0,0,48,0,0,0,0,0,0,0,0,0,46,0,0,0,0,0,0,0,0,0,0,0,0,0,0,0,0,0,0,0,0,0,0,43,0,0,0,0,0,0,0,0,0,0,0,0,0,0,0,0,0,0,0,0,0,0,0,0,0,0,0,0,0,0,0,0,0,0,0,0,0,0,0,0,0,0,0,0,0,0,0,0,0,0,0,0,0,0,32,0,0,0,0,0,0,0,0,0,0,0,0,0,0,0,29,0,0,0,0,0,0,0,0,0,0,0,0,0,0,0,0,0,0,0,0,0,0,0,0,0,0,0,0,0,0,0,0,0,0,0,0,0,0,0,0,0,0,0,0,0,0,0,0,0,0,0,0,0,0,0,21,0,0,0,0,0,0,0,0,0,0,0,0,0,0,0,0,0,0,0,0,0,0,0,0,0,0,0,0,0,0,0,0,0,0,0,0,0,0,0,0,0,0,0,0,0,0,0,0,0,14,0,0,0,0,0,0,0,13,0,0,0,0,0,0,0,0,0,0,0,0,0,0,0,0,0,0,0,0,0,0,0,0,0,0,0,0,0,0,0,0,9,0,0,0,0,0,0,0,0,0,0,0,0,0,0,0,0,0,0,0,0,0,0,0,0,0,0,0,6,0,0,0,0,0,0,0,0,0,0,0,0,0,0,0,0,0,0,0,0,0,0,0,0,0,0,0,0,0,0,0,0,0,0,0,0,0,0,0,0,0,0,0,0,0,0,0,0,0,0,0,0,0,0,0,0,0,0,0,0,0,0,0,0,0,0,0,0,0,0,0,0,0,0,0,0,0,0,0,0,0,0,0,0,0,0,0,0,0,0,0,0,0,0,0,0,0,0,0,0,0,0,0,0,0,0,0,0,0,0,0,0,0,0,0,0,0,0,0,0,0,0,0,0
"Commercial_R2","Commercial_R2","Commercial",NA,2,FALSE,100586,66759,89,368,0,1143,252,280,185,297,222,117,16,108,160,191,185,77,70,58,49,77,0,60,325,44,0,0,0,0,0,44,43,0,0,0,90,0,67,0,0,0,101,43,0,49,0,0,0,380,14,0,0,0,590,0,0,0,5,0,85,36,0,0,0,0,0,12,19,0,0,0,0,0,0,0,0,10,0,0,78,0,0,0,0,0,0,0,0,0,160,0,0,30,0,0,0,0,0,0,0,0,273,57,0,0,0,0,0,114,0,0,0,30,11,0,0,111,70,0,0,504,0,0,0,0,0,0,21,0,0,0,0,0,0,0,0,0,0,0,0,0,0,0,0,0,0,0,0,0,0,0,0,0,0,0,98,0,0,0,26,0,0,0,0,0,7,0,0,0,0,17,0,0,0,0,0,0,0,0,0,0,0,0,0,0,0,0,72,13,0,0,0,27,0,0,0,0,0,0,0,0,0,0,0,0,12,0,8,0,0,0,0,0,0,56,0,0,0,0,0,15,0,0,0,0,0,0,0,0,0,0,5,40,0,0,0,0,0,0,28,0,0,0,0,0,0,0,0,24,0,0,0,0,37,0,0,0,0,0,253,0,0,248,0,0,44,0,0,0,0,0,0,0,0,0,0,0,0,0,0,0,0,0,0,0,0,0,0,0,0,0,0,0,0,11,0,0,0,201,0,0,0,0,0,0,0,190,0,0,0,0,0,0,0,0,0,0,0,0,0,0,0,0,0,0,0,0,0,0,0,0,0,0,0,0,0,0,0,0,0,0,0,0,0,0,0,0,0,0,0,0,0,0,0,0,0,0,32,0,0,10,0,0,0,0,0,0,0,0,9,0,0,0,0,0,0,0,0,0,0,0,0,0,0,0,0,0,0,0,0,0,0,0,0,0,0,0,0,0,0,0,0,0,0,0,0,0,0,0,0,0,0,0,0,0,0,0,0,0,0,0,0,0,0,0,0,0,0,0,0,0,0,0,0,0,0,0,0,0,0,0,0,0,0,0,0,0,0,0,0,0,0,0,0,0,0,3,0,0,0,0,0,0,0,0,0,0,0,0,0,0,0,0,0,0,0,0,0,0,0,0,0,0,0,0,0,0,0,0,0,0,0,0,0,0,0,0,0,0,0,0,0,0,0,0,0,0,0,0,0,0,0,0,0,0,0,0,0,0,0,0,0,0,0,0,0,0,0,0,0,0,0,0,0,0,0,0,0,0,0,0,0,0,0,0,0,0,0,0,0,0,0,0,0,0,0,0,0,0,0,0,0,0,0,0,0,0,0,0,0,0,0,0,0,0,0,0,0,0,0,0,0,0,0,0,0,0,0,0,0,0,0,0,0,0,0,0,0,0,0,0,0,0,0,0,0,0,0,0,0,0,0,0,0,10,0,0,0,0,0,0,0,0,0,0,0,0,0,0,0,0,0,0,0,0,0,0,0,0,0,0,0,0,0,0,0,0,0,0,0,0,0,0,0,0,0,0,0,0,0,0,0,0,0,0,0,0,0,0,0,0,0,0,0,0,0,0,0,0,0,0,0,0,0,0,0,0,0,0,0,0,0,0,0,0,0,0,0,0,0,0,0,0,0,0,0,0,0,0,0,0,0,0,0,33,0,0,0,0,0,0,0,0,0,0,0,0,0,0,0,0,0,0,0,0,0,0,0,0,0,0,0,0,0,0,0,0,0,0,0,0,0,0,0,0,0,0,0,0,0,0,0,0,0,0,0,0,0,0,0,0,0,0,0,0,0,0,0,0,0,0,0,0,0,22,0,0,0,0,0,0,0,0,0,21,0,0,0,0,0,0,0,0,0,0,0,0,0,0,0,0,0,0,0,0,0,0,0,0,0,0,0,0,0,0,0,0,0,0,0,0,0,0,0,0,0,0,0,0,0,0,0,0,0,0,0,0,0,0,0,0,0,13,0,0,0,0,0,0,0,0,12,0,0,0,0,0,0,11,11,0,0,0,0,0,0,0,10,0,0,0,0,0,0,0,0,0,0,0,0,0,0,8,8,8,0,0,0,0,0,0,0,0,7,0,0,0,0,0,0,0,0,0,6,6,6,0,0,0,0,0,0,0,0,0,0,0,0,5,5,0,0,0,0,0,0,0,0,0,0,0,0,0,0,0,0,0,0,0,0,0,0,0,0,0,0,0,0,0,0,0,0,0,0,0,0,0,3,3,3,3,0,0,0,0,0,0,0,0,0,0,0,0,0,0,0,0,0,0,0,0,0,0,0,0,0,0,0,0,0,0,0,0,0,0,0,0,0,0,0,0,0,0,0,0,0,0,0,0,0,0,0,0,0,0,0,0,0,0,0,0,0,0,0,0,0,0
"Commercial_R3","Commercial_R3","Commercial",NA,3,FALSE,660,248,125,0,0,60,95,132,0,81,87,0,131,123,0,0,0,61,0,0,0,0,0,0,67,0,0,0,58,0,0,92,0,0,0,0,0,0,36,0,0,0,0,0,0,0,0,0,59,0,0,0,0,0,0,0,0,0,0,0,0,0,0,0,0,0,0,0,0,79,80,0,0,0,0,0,0,0,0,0,204,0,0,0,43,0,0,0,0,0,0,0,0,0,0,0,0,0,0,0,0,0,0,480,0,0,0,0,0,0,0,0,0,118,0,0,0,0,405,0,0,0,0,0,0,0,0,0,0,0,55,0,0,0,0,0,0,0,0,0,0,0,0,0,0,26,0,0,0,446,0,0,0,0,0,0,20,0,0,0,0,0,0,0,0,0,0,0,0,0,0,0,0,0,0,0,0,0,0,0,0,0,0,0,0,0,0,0,0,0,0,0,0,0,0,0,39,0,0,0,0,0,0,0,156,0,73,0,68,0,0,0,0,0,0,0,0,0,0,0,0,217,0,0,0,0,0,0,0,0,0,0,91,0,0,0,0,0,0,0,0,0,0,0,0,0,0,0,0,155,0,0,0,0,85,31,0,0,0,82,0,0,0,0,0,0,0,0,0,45,0,0,0,98,0,220,98,0,0,0,0,0,0,0,0,0,0,0,0,0,0,0,0,0,62,0,0,0,0,0,0,0,0,0,0,0,0,0,0,0,0,0,0,184,0,0,141,0,0,0,0,0,0,0,0,0,0,0,0,0,0,47,0,0,0,0,0,0,0,0,0,0,0,0,0,0,0,0,0,0,0,142,0,0,0,139,0,0,0,0,0,0,0,0,108,0,0,0,0,0,0,129,18,0,0,0,0,0,123,0,0,0,0,0,0,0,0,0,0,0,0,0,0,0,115,115,0,0,0,0,0,109,0,0,0,0,0,0,0,0,0,0,0,0,0,0,0,0,0,0,103,0,0,0,0,0,101,0,0,0,0,0,0,0,0,96,0,0,0,95,0,94,0,0,0,0,0,0,0,92,92,0,0,0,90,0,0,0,0,0,0,0,0,86,86,0,0,0,0,85,0,84,0,0,0,0,82,82,0,0,0,0,0,80,0,0,0,0,78,0,0,77,0,0,0,0,0,0,0,0,0,0,0,0,74,74,74,0,0,0,0,73,0,0,0,72,0,0,0,71,71,0,0,0,0,70,0,0,0,0,69,0,0,0,68,68,0,0,0,0,0,0,0,0,0,0,0,0,0,0,0,65,65,0,0,0,0,0,64,0,0,0,0,63,63,0,0,0,0,0,0,0,0,0,59,0,0,0,0,0,58,58,0,0,57,0,0,0,56,0,0,0,0,0,0,0,54,0,0,0,0,0,0,53,0,0,0,0,0,0,52,52,0,0,0,0,51,0,0,0,0,0,50,0,0,0,0,0,0,49,0,0,0,0,0,48,48,48,0,0,0,0,47,0,0,0,0,0,0,0,45,45,0,0,0,0,0,0,0,44,44,44,44,0,0,0,0,0,0,0,0,0,0,41,41,41,0,0,0,39,39,39,0,0,0,0,0,0,0,0,0,0,0,0,0,0,0,0,0,36,36,0,0,0,0,0,0,0,34,34,0,0,0,0,0,0,33,33,0,0,0,0,0,32,0,0,0,0,0,0,0,30,0,0,0,0,0,0,0,29,0,0,0,0,0,0,0,0,0,0,0,0,0,0,0,0,0,0,26,0,0,0,25,25,25,0,0,0,0,0,0,0,0,0,0,0,0,0,0,0,0,0,0,0,0,0,0,0,0,0,0,0,0,0,0,0,0,0,0,0,20,0,0,0,0,0,19,19,19,0,0,0,0,0,0,0,0,0,0,0,0,0,0,0,0,0,0,0,0,0,0,0,0,0,0,0,0,0,0,0,0,0,0,0,0,14,0,0,0,0,0,0,0,0,0,0,0,0,0,0,0,0,0,0,0,0,0,0,0,0,0,0,0,0,0,0,0,0,0,0,0,0,0,0,0,0,0,0,0,0,0,0,0,0,0,0,0,0,0,0,0,0,0,0,0,0,0,0,0,0,0,0,0,0,0,0,0,6,6,0,0,0,0,0,0,0,0,0,0,0,0,5,0,0,0,0,0,0,0,0,0,0,0,0,0,0,0,0,0,0,0,0,0,0,0,0,0,0,0,0,0,0,0,0,0,0,0,0,0,0,0,0,0,0,0,0,0,0,0,0,0,0,0,0,0,0,0,0,0,0,0,0,0,0,0,0,0,0,0,0,2,0,0,0,0,0,0,0,0,0,0,0,0,0,0,0,0,0,0,0,0,0,0,0,0,0,0,0,0,0,0,0,0,0,0,0,0,0
"Control_extraction","Control_extraction","Control",NA,NA,TRUE,58,36,0,0,0,0,0,0,0,0,0,0,0,0,0,0,0,0,0,0,0,0,0,0,0,0,0,0,0,0,0,0,0,0,50,0,0,0,0,0,0,0,0,0,0,0,0,0,0,0,0,0,0,0,0,0,0,0,0,0,0,0,0,0,0,0,0,0,0,0,0,0,0,0,0,0,0,0,0,0,0,0,0,0,0,0,0,0,0,0,0,0,0,0,0,0,0,0,0,0,0,0,0,0,0,0,0,0,0,0,0,0,0,401,0,0,0,0,0,0,0,0,0,0,0,0,0,0,0,0,0,0,0,0,0,0,0,0,0,0,0,0,0,0,0,0,0,0,0,0,0,0,0,0,0,0,0,0,0,0,0,0,0,0,0,0,0,0,0,0,0,0,0,81,0,0,0,0,0,0,0,0,0,0,0,0,0,0,0,0,0,0,0,0,0,0,0,0,0,0,0,0,0,0,0,0,0,0,172,0,0,0,0,0,0,0,0,0,0,0,0,0,0,0,0,0,0,0,0,0,0,0,0,0,0,0,0,0,0,0,0,0,0,0,0,0,0,0,0,0,0,0,0,0,0,0,0,0,0,0,0,0,0,0,0,0,0,0,0,0,0,0,0,0,0,0,0,0,0,0,0,0,0,0,0,0,0,0,0,0,0,0,0,0,0,0,0,0,0,0,0,0,0,0,0,0,0,0,0,0,0,98,0,0,0,0,0,0,0,0,0,0,0,0,0,0,0,0,0,0,0,0,0,0,0,0,0,0,0,0,0,0,0,0,0,0,0,0,0,0,0,0,0,0,0,0,0,0,0,0,0,98,0,0,0,0,0,0,0,0,0,0,0,0,0,0,0,0,0,0,0,0,0,0,0,0,0,0,0,0,0,0,0,0,0,0,0,0,0,0,0,0,0,0,0,0,0,0,0,0,0,0,0,0,0,0,0,0,0,0,0,0,0,0,0,0,0,0,0,0,0,0,0,0,0,0,0,0,53,0,0,0,0,0,0,0,0,0,0,0,0,0,0,0,0,0,0,0,0,0,0,0,0,0,0,0,0,0,0,0,0,0,0,0,0,0,0,0,0,0,0,0,0,0,0,0,0,0,0,0,0,0,0,0,0,0,0,0,0,0,0,0,0,0,0,0,0,0,0,0,0,0,73,49,0,0,72,0,0,0,0,0,0,0,0,0,0,0,0,0,0,0,0,0,0,0,0,0,0,0,0,0,0,0,0,0,0,0,0,0,0,0,0,0,0,0,0,0,0,0,0,0,0,0,0,0,0,0,0,0,0,0,0,0,0,0,0,0,0,0,0,0,0,0,0,0,0,0,0,0,0,0,0,0,0,0,0,0,0,0,0,0,0,0,0,0,0,0,0,0,0,0,0,0,0,0,0,0,0,0,0,0,0,0,0,0,0,0,0,0,0,0,0,0,0,0,0,0,0,0,0,0,0,0,0,0,0,0,0,0,0,0,0,0,0,0,0,0,0,0,0,0,0,0,0,0,0,0,43,0,0,0,0,0,0,0,0,0,0,0,0,0,0,0,0,0,0,0,0,0,0,37,0,0,0,0,0,0,0,0,0,0,0,0,0,0,0,0,0,0,0,0,0,0,0,0,0,0,0,0,0,0,0,0,0,0,0,0,0,0,0,0,0,0,0,0,0,0,0,0,0,0,0,0,0,0,0,0,0,0,0,0,0,0,0,0,0,0,0,0,0,0,0,0,0,0,0,0,0,0,0,0,23,0,0,0,0,0,0,0,0,0,0,0,0,0,0,0,0,0,0,0,0,0,0,0,0,0,0,0,0,0,0,0,0,0,0,0,0,0,0,0,0,0,0,0,0,0,0,0,0,0,0,0,0,0,0,0,0,0,0,0,0,0,0,0,0,0,0,0,0,0,0,0,0,0,0,0,0,0,0,0,0,0,0,0,0,0,0,0,0,0,0,0,0,0,0,0,0,0,0,0,0,0,0,0,0,0,0,0,0,0,0,0,0,0,0,0,0,0,0,0,0,0,0,0,0,0,0,0,0,0,0,0,0,0,0,0,0,0,0,0,0,0,0,0,0,0,0,0,0,0,0,0,0,0,0,0,0,0,0,0,0,0,0,0,0,0,0,0,0,0,0,0,0,0,0,0,0,0,0,0,0,0,0,0,0,0,0,0,0,0,0,0,0,0,0,0,0,0,0,0,0,0,0,0,0,0,0,0,0,0,0,0,0,0,0,0,0,0,0,0,0,0,0,0,0,0,0,0,0,0,0,0,0,0,0,0,0,0,0,0,0,0,0,0,0,0,0,0,0,0,0,0,0,0,0,0,0,0,0,0,0,0,0,0,0,0
"Control_fermentation","Control_fermentation","Control",NA,NA,TRUE,0,0,64,0,0,140,0,0,0,0,0,0,0,0,14,0,0,0,0,0,0,0,0,0,0,0,154,60,0,0,0,0,211,0,0,140,0,0,0,0,0,0,0,0,0,0,0,0,0,0,0,0,0,46,0,0,0,0,0,6042,0,0,0,0,0,0,0,0,0,0,0,0,0,46,0,90,0,156,0,0,51,0,0,0,77,0,0,0,0,0,0,0,0,45,0,0,0,182,0,0,0,16,0,0,0,0,0,1569,0,0,0,0,0,169,0,0,0,0,0,0,0,0,0,0,0,1158,0,0,0,0,3,0,0,0,0,0,0,0,116,0,0,0,0,0,0,0,66,0,0,0,794,0,0,0,0,735,61,75,0,0,198,0,586,0,0,0,296,0,0,148,0,0,512,0,0,0,564,0,0,0,169,0,0,0,26,0,0,0,45,0,376,0,453,0,0,482,133,0,225,0,196,0,0,0,0,0,223,430,172,0,0,0,0,0,0,0,345,0,0,0,0,0,267,0,0,0,0,0,348,0,0,0,0,0,0,46,158,0,0,0,0,0,67,0,0,41,0,0,0,0,253,0,0,0,0,143,222,0,237,0,0,253,0,0,0,0,0,0,0,195,0,234,0,0,0,0,122,0,0,0,0,0,0,0,0,0,0,0,0,0,205,0,0,0,0,0,203,0,151,0,194,0,106,0,0,0,191,0,0,0,0,0,0,0,0,0,0,0,0,179,57,0,0,0,0,0,167,167,0,164,0,0,0,133,0,154,0,0,0,151,59,0,0,0,0,0,0,0,0,0,0,0,0,140,0,0,139,0,0,0,0,0,0,0,0,0,0,0,132,0,0,0,0,0,0,0,0,90,0,0,0,0,120,0,0,0,118,0,0,0,0,0,116,0,0,0,113,112,112,0,0,0,109,109,20,0,0,0,108,0,107,0,0,0,0,0,104,104,0,0,0,103,0,0,0,102,0,0,0,0,98,0,0,97,80,0,96,0,0,0,95,0,94,93,93,91,0,0,0,0,0,0,0,0,0,0,0,0,88,88,0,87,0,0,0,86,65,0,0,0,0,0,83,83,0,0,0,0,82,0,0,0,81,0,0,0,0,0,0,78,0,0,77,77,77,0,0,76,0,0,75,75,75,0,0,0,0,74,74,0,0,0,0,24,73,0,0,0,0,0,0,71,67,0,0,0,0,0,0,0,0,0,0,0,0,0,68,47,0,0,0,0,0,0,0,67,67,0,66,0,0,0,0,65,0,0,0,0,0,64,64,0,0,0,0,63,63,0,0,0,0,61,0,0,0,59,0,0,0,0,0,0,0,0,0,57,55,0,0,56,56,0,55,55,0,0,0,54,54,54,0,0,0,0,53,53,53,53,0,0,0,0,52,52,0,0,0,51,51,0,0,0,0,50,50,50,50,50,0,0,0,0,0,0,0,0,0,0,48,48,48,0,0,47,0,46,46,0,0,0,0,0,45,45,45,45,0,0,0,0,0,0,0,44,44,0,0,0,0,0,0,42,0,0,0,0,0,40,37,0,0,0,0,0,0,0,38,0,0,0,0,0,37,37,0,0,0,0,0,0,0,36,36,0,0,35,35,0,0,0,34,34,0,0,0,0,0,0,33,33,33,0,0,0,0,0,31,0,0,0,0,0,30,30,0,0,0,0,0,0,29,0,0,28,28,28,28,0,0,0,0,27,27,27,0,0,0,0,0,26,0,0,0,0,0,25,0,0,0,24,0,0,0,23,23,23,23,10,0,0,0,0,0,0,0,0,22,22,22,0,0,0,0,0,0,0,21,0,0,0,0,20,0,0,0,0,0,0,0,19,19,19,0,0,0,18,18,0,0,0,0,17,17,17,0,0,0,0,0,16,16,16,16,0,0,15,15,15,0,0,0,0,0,0,0,0,14,0,0,0,0,0,0,0,13,13,0,0,0,0,0,0,0,12,12,0,0,0,0,0,0,11,0,0,0,0,0,0,0,10,10,10,0,0,0,0,9,9,9,0,0,0,0,0,0,0,0,0,0,0,0,0,0,0,0,0,0,0,0,0,0,0,0,0,0,0,0,0,0,6,4,0,0,0,0,0,0,0,0,0,0,0,5,5,0,0,0,0,0,0,0,0,0,0,0,0,0,0,0,0,0,0,0,0,0,0,0,0,0,0,0,0,0,0,0,0,0,0,0,0,0,0,3,3,3,3,3,0,0,0,0,0,0,0,0,0,0,0,0,0,0,0,0,0,0,0,0,0,0,0,0,0,0,0,0,0,0,0,0,0,0,0,0,0,0,0,0,0,0,0,0,0,0,0,0,0,0,0,0,0,0,0,0,0,0,0,0,0
"Lactobacillus_H24_R1","Lactobacillus_H24_R1","Lactobacillus","H24",1,FALSE,84844,52972,0,5647,194,348,0,2815,0,0,473,1039,3081,1295,914,18,1844,1500,288,0,0,584,0,87,0,151,990,424,0,0,248,25,344,109,0,581,0,985,33,0,646,880,624,297,0,2442,0,0,38,435,47,164,0,128,0,0,0,54,149,7,0,156,161,40,121,69,0,190,57,0,0,0,1001,636,0,69,53,961,23,27,72,770,0,0,0,0,0,0,0,369,177,0,105,115,0,0,0,37,0,0,0,0,230,0,16,0,0,11,0,97,0,157,0,0,0,0,0,0,0,0,181,0,117,94,0,0,0,0,7,0,16,80,0,0,0,0,124,28,116,22,31,43,16,0,0,0,0,8,0,0,0,41,0,0,0,0,9,0,0,22,0,13,0,0,0,39,0,0,0,62,83,45,0,319,0,0,0,0,0,0,210,18,0,25,0,0,0,0,0,0,0,0,0,0,0,0,137,463,69,20,0,203,0,0,0,0,0,0,0,0,93,0,0,0,0,17,0,0,0,0,0,0,0,0,0,65,0,0,0,0,0,0,0,0,0,0,0,0,0,0,6,0,55,0,0,0,0,0,0,0,0,0,0,0,0,0,0,0,0,0,0,0,0,0,0,0,0,0,0,0,10,0,0,0,30,0,0,0,0,0,0,0,0,0,0,0,0,0,0,0,0,0,0,0,0,0,0,6,0,0,0,0,0,175,0,0,0,0,0,0,0,0,0,0,0,0,0,38,0,0,0,0,0,0,0,17,0,0,0,0,0,0,0,0,25,0,0,37,0,0,0,0,0,0,0,0,0,9,0,0,0,0,0,0,0,0,0,0,0,0,0,0,0,0,6,133,0,0,0,0,0,0,0,0,0,0,0,0,0,0,0,0,0,0,0,0,0,0,0,0,0,0,0,0,0,0,0,0,0,0,0,0,0,0,0,0,0,0,0,0,0,0,0,0,0,0,0,0,0,0,0,0,0,0,0,0,0,0,0,0,0,0,0,0,0,0,0,0,0,0,0,0,0,0,0,0,0,0,0,0,0,0,0,0,0,18,0,0,0,0,0,0,13,0,0,0,0,0,0,0,0,0,0,0,0,0,0,0,0,0,0,0,0,0,41,0,0,8,0,0,0,0,0,0,0,0,0,0,0,0,0,0,0,0,0,0,0,0,0,0,0,0,0,0,0,0,0,0,0,0,0,0,0,0,0,0,0,0,0,0,0,6,0,0,0,0,0,0,0,0,0,0,0,0,0,0,0,0,0,0,0,0,0,0,0,0,0,0,0,0,0,0,0,0,0,0,0,0,0,0,0,0,0,0,0,0,0,0,0,0,0,0,0,0,0,0,0,0,0,0,0,0,0,0,0,0,0,0,0,0,0,0,0,0,0,0,0,0,0,0,0,0,0,0,0,0,0,0,0,51,0,0,0,0,0,0,0,0,0,0,0,0,0,0,0,0,0,0,0,0,0,0,0,0,0,0,0,21,0,0,0,0,0,0,0,0,0,0,0,0,0,0,0,0,0,5,0,0,0,0,0,0,0,0,0,0,0,0,0,0,0,0,0,0,0,0,0,0,0,0,0,0,0,0,0,0,0,0,0,0,0,0,0,36,0,0,0,0,0,0,0,0,15,0,0,0,0,0,0,0,0,0,0,0,0,0,0,0,0,0,0,0,0,0,0,0,0,0,0,0,0,0,0,0,0,0,0,0,0,0,0,0,0,0,27,27,0,0,0,0,0,0,0,0,0,0,0,0,0,0,0,0,0,0,0,0,0,0,0,0,0,0,0,0,0,0,0,0,0,6,0,0,0,0,0,0,0,0,0,0,0,0,0,0,0,0,0,0,0,0,0,0,0,0,0,0,0,0,0,0,0,0,0,0,0,0,0,0,0,0,0,0,0,0,0,0,0,0,0,0,0,0,0,0,0,0,0,0,0,0,0,0,0,0,0,0,6,0,0,0,0,0,0,0,0,0,0,0,0,0,0,0,0,0,0,0,0,0,0,0,0,0,0,0,0,0,0,0,0,0,0,0,0,0,0,0,0,0,0,0,0,0,0,0,0,0,0,0,0,0,0,0,0,0,0,0,0,0,0,0,0,0,0,0,0,0,0,0,0,0,0,0,0,0,5,0,0,0,0,0,0,0,0,0,0,0,0,0,0,0,0,0,4,0,0,0,0,0,0,0,0,0,0,0,0,0,0,0,0,0,0,0,0,0,0,0,0,0,0,0,0,0,0,0,0,0,0,0,0,0,0,0,0,0,0,0,0,0,0,0,0,2,2,2,0,0,0,0,0,0,0,0,0,0,0,0,0,0,0,0,0,0,0,0,0,0,0,0,0,0,0,0,0,0,0,0,0,0
"Lactobacillus_H24_R2","Lactobacillus_H24_R2","Lactobacillus","H24",2,FALSE,126194,79905,0,2412,0,96,0,132,0,0,0,0,91,23,57,0,297,1245,0,0,0,0,0,0,0,0,19,0,0,0,0,0,0,132,0,30,0,57,0,0,257,0,29,18,0,141,0,0,0,666,0,0,0,0,0,0,0,0,0,21,0,0,0,0,0,0,0,13,0,0,0,0,103,41,0,0,0,0,3,0,18,61,0,0,27,0,0,0,0,16,191,0,0,0,0,0,0,54,0,0,0,0,289,0,0,0,0,0,0,121,0,0,0,6,0,0,0,0,0,0,0,250,15,0,0,0,0,0,0,0,0,0,0,0,0,0,0,39,0,78,15,0,0,0,0,0,0,0,0,0,0,63,0,0,0,0,0,0,0,21,0,0,27,0,0,20,0,0,0,0,0,0,13,44,5,0,0,0,0,542,0,0,0,0,0,0,0,0,0,0,23,0,9,0,0,0,0,0,0,0,6,0,0,0,0,0,0,0,0,0,0,0,0,0,48,0,0,0,0,0,0,0,0,0,0,0,0,0,0,0,0,0,0,0,0,0,0,0,0,0,0,0,0,291,0,0,0,0,0,0,0,0,0,0,0,0,0,0,10,0,0,0,0,0,0,0,0,0,0,0,0,0,0,0,0,0,0,0,0,0,0,0,0,0,0,0,10,0,0,0,0,0,0,0,0,0,0,23,0,0,0,0,0,0,0,0,0,0,0,0,0,0,0,0,0,0,0,0,0,0,0,0,0,0,0,0,0,0,0,0,0,0,0,0,0,0,0,0,0,0,0,0,0,0,0,0,0,0,0,0,0,0,0,0,0,0,0,0,0,0,0,0,0,0,1,0,0,0,0,0,0,0,0,0,0,0,0,0,0,0,0,0,0,0,0,0,0,0,0,0,0,0,0,0,0,0,0,0,0,0,0,0,0,0,0,0,0,0,0,0,0,0,0,0,0,0,0,0,0,0,0,0,13,0,0,0,0,0,0,0,0,0,0,0,0,0,0,0,0,0,0,0,0,0,0,0,0,0,0,0,0,0,0,0,0,0,0,0,0,0,0,0,0,0,0,0,0,0,0,0,0,0,0,0,0,0,0,0,0,0,0,0,0,0,0,0,0,0,0,0,0,0,0,0,0,0,0,0,0,0,0,0,0,0,0,0,0,0,0,0,0,0,0,0,0,0,0,0,0,0,0,0,0,0,0,0,0,0,0,0,0,0,0,0,0,0,0,0,0,0,0,0,0,0,0,0,0,0,0,0,0,0,0,0,0,0,0,0,0,0,0,0,0,0,0,0,0,0,0,0,0,0,0,0,0,0,0,0,0,0,0,0,0,0,0,0,0,0,0,0,0,0,0,0,0,0,0,0,0,0,0,0,0,0,0,0,0,0,0,0,0,0,0,0,0,0,0,0,0,0,13,0,0,0,0,0,0,0,0,0,12,0,0,0,0,0,0,0,0,0,0,0,0,0,0,0,0,0,0,0,0,0,0,0,0,0,0,0,0,0,0,0,0,0,0,0,0,0,0,0,0,0,0,0,0,0,0,0,0,0,0,0,0,0,0,0,0,0,0,0,0,0,0,0,0,0,0,0,0,0,0,0,0,0,0,0,0,0,0,0,0,0,0,0,0,0,0,0,0,0,0,0,0,0,0,0,0,0,0,0,0,0,0,0,0,0,0,0,0,0,0,0,0,0,0,0,0,0,0,0,0,0,0,0,0,0,0,0,0,0,0,0,0,0,0,0,0,0,0,0,0,0,0,0,0,0,0,0,0,0,0,0,0,0,0,0,0,0,0,0,0,0,0,0,0,0,0,0,0,0,0,0,0,0,0,0,0,0,0,0,0,0,0,0,0,0,0,0,0,0,0,0,0,0,0,0,0,0,0,0,0,0,0,0,0,0,0,0,0,0,0,0,0,0,0,0,0,0,0,0,0,0,0,0,0,0,0,0,0,0,0,0,0,0,0,0,0,0,0,0,0,0,0,0,0,0,0,0,0,0,0,0,0,0,0,0,0,0,0,0,0,0,0,0,0,0,0,0,0,0,0,0,0,0,0,0,0,0,0,0,0,0,0,0,0,0,0,0,0,0,0,0,0,0,0,0,0,0,0,0,0,0,0,0,0,0,0,0,0,0,0,0,0,0,0,0,0,0,0,0,0,0,0,0,0,0,0,0,0,0,0,0,0,0,0,0,0,0,0,0,0,0,0,0,0,0,0,0,0,0,0,0,0,0,0,0,0,0,0,0,0,0,0,0,0,0,0,0,0,0,0,0,0,0,2,0,0,0,0,0,0,0,0,0,0,0,0,0,0,0,0,0,0,0,0,0,0,0,0,0,0,0,0,0,0,0,0,0
"Lactobacillus_H24_R3","Lactobacillus_H24_R3","Lactobacillus","H24",3,FALSE,89195,52984,0,564,0,31,0,21,0,0,0,0,313,0,0,0,125,0,62,0,0,20,0,0,0,0,0,0,0,0,38,0,0,0,0,24,0,64,0,0,23,0,38,0,0,0,0,0,0,371,0,0,0,0,0,0,0,0,0,9,0,0,0,0,0,0,0,0,0,0,0,0,57,0,0,0,0,0,0,0,0,40,0,0,0,0,0,0,0,26,143,0,0,0,0,0,0,103,0,0,0,0,0,0,0,0,0,0,0,71,0,18,0,0,0,0,0,0,0,0,0,0,0,0,11,0,0,0,10,0,0,0,0,0,0,0,0,0,0,55,0,0,0,0,0,0,0,0,0,0,0,33,0,0,0,0,0,11,0,46,0,0,0,0,0,0,20,0,0,0,0,0,0,0,0,0,0,0,0,0,0,0,0,0,0,0,0,0,0,0,20,0,0,0,483,0,0,0,0,0,0,0,0,0,0,0,0,0,0,0,0,0,0,0,0,0,0,0,0,0,0,0,0,0,0,0,0,0,0,0,0,0,0,0,0,0,0,0,0,0,0,0,0,0,0,0,0,0,0,0,0,0,0,0,0,19,8,0,2,0,0,0,0,0,0,0,0,0,0,0,0,0,0,0,0,0,0,0,0,0,0,0,0,0,0,0,0,0,0,0,0,0,0,0,0,0,0,20,0,0,0,0,0,0,0,0,0,0,0,0,0,0,0,0,0,0,0,0,0,0,11,0,0,0,0,0,0,0,0,0,0,0,0,0,0,0,0,0,0,0,0,0,0,0,0,0,0,0,0,0,0,0,0,0,0,0,0,0,0,0,0,0,0,0,0,0,0,0,0,0,0,0,0,0,0,0,0,0,0,0,0,0,0,0,0,0,0,0,0,0,0,0,0,0,0,0,0,0,0,0,0,0,0,0,0,0,0,0,0,0,0,0,0,0,0,0,0,0,0,0,0,0,0,0,0,0,0,0,0,0,0,24,0,0,0,0,0,0,0,0,0,0,0,0,0,0,0,0,0,0,0,0,0,0,0,0,0,0,0,0,0,0,0,0,0,0,0,0,0,0,0,0,0,0,0,0,0,0,0,0,0,0,0,0,0,0,0,7,0,0,0,0,0,0,0,0,0,0,0,0,0,0,0,0,0,0,0,0,0,0,0,0,0,0,0,0,0,0,0,0,0,0,0,0,0,0,0,0,0,0,0,0,0,0,0,0,0,0,36,0,0,0,0,0,0,0,0,0,0,0,0,0,0,0,0,0,0,0,0,0,0,0,0,0,0,0,0,0,0,0,0,0,0,0,0,0,0,0,0,0,0,0,0,0,0,0,0,0,0,0,0,0,0,0,0,0,0,0,0,0,0,0,0,0,0,0,0,0,0,0,0,0,0,0,0,0,0,0,0,0,0,0,0,0,0,0,0,0,0,0,0,0,0,0,0,0,0,0,0,0,0,0,0,0,0,0,0,0,0,0,0,0,0,0,0,0,0,0,0,0,0,0,0,0,0,0,0,0,0,0,0,0,0,0,0,0,0,0,0,0,0,0,0,0,0,0,0,0,0,0,0,0,0,0,25,0,0,0,0,0,0,0,0,0,0,0,0,0,0,0,0,0,0,0,0,0,0,0,0,0,0,0,0,0,0,0,0,0,0,0,0,0,0,0,0,0,0,0,0,0,0,0,0,0,0,0,0,0,0,0,0,0,0,0,0,0,0,0,0,0,0,0,0,0,0,0,0,0,0,0,0,0,0,0,0,0,0,0,0,0,0,0,0,0,0,0,0,0,0,0,0,0,0,0,0,0,0,0,0,0,0,0,0,0,0,0,0,0,0,0,0,0,0,0,0,0,0,0,0,0,0,0,0,0,0,0,0,0,0,0,0,0,0,0,0,0,0,0,0,0,0,0,0,0,0,0,0,0,0,0,0,0,0,0,0,0,0,0,0,0,0,0,0,0,0,0,0,0,0,0,0,0,0,0,0,0,0,0,0,0,0,0,10,0,0,0,0,0,0,0,0,0,0,0,0,0,0,0,0,0,0,0,0,0,0,0,0,0,0,0,0,0,0,0,0,0,0,0,0,0,0,0,0,0,0,0,0,0,0,0,0,0,0,0,0,5,0,0,0,0,0,0,0,0,0,0,0,0,0,0,0,0,0,4,0,0,0,0,0,0,0,0,0,0,0,0,0,0,0,0,0,0,0,0,0,0,0,0,0,0,0,0,0,0,0,0,0,0,0,0,0,0,0,0,0,0,0,0,0,0,0,0,0,0,0,2,0,0,0,0,0,0,0,0,0,0,0,0,0,0,0,0,0,0,0,0,0,0,0,0,0,0,0,0,0,0,0,0
"Lactobacillus_H48_R1","Lactobacillus_H48_R1","Lactobacillus","H48",1,FALSE,81847,53006,9,1731,0,1595,0,1003,0,0,0,4694,2123,2782,526,39,2980,922,311,242,67,2468,0,92,0,204,387,1040,0,148,290,41,214,59,0,902,0,2293,218,0,439,22,1874,136,65,46,0,0,107,366,0,0,0,55,0,54,0,6071,33,0,0,0,0,179,78,118,0,11,40,41,0,0,84,129,0,0,0,188,27,47,0,156,0,0,20,0,25,0,0,169,161,15,95,36,0,0,0,46,0,58,0,0,0,0,0,0,0,0,0,114,0,63,0,0,0,0,74,0,0,0,241,0,82,95,14,0,842,0,0,0,18,0,0,0,0,0,152,64,10,27,0,0,46,0,82,0,0,20,0,0,0,36,0,0,0,0,0,0,0,22,0,7,0,0,0,34,0,24,0,37,41,0,0,0,0,0,0,0,0,0,0,23,0,27,0,0,0,0,0,0,0,0,0,0,0,0,0,0,0,0,0,63,0,0,0,0,0,0,0,181,56,412,0,0,0,0,0,0,0,0,0,0,0,0,0,0,0,0,0,0,0,0,0,0,0,0,0,0,0,0,0,0,0,0,0,13,0,0,0,0,0,0,0,0,0,0,0,0,0,0,0,0,0,0,0,0,0,0,0,0,9,0,0,0,51,0,0,0,0,0,0,0,0,0,0,0,13,0,9,0,0,0,0,0,0,0,0,0,0,0,0,0,0,0,0,0,0,0,0,0,0,0,0,0,0,0,0,14,0,0,0,0,0,0,0,36,0,0,0,0,0,0,0,0,0,0,0,0,0,0,92,0,0,0,0,0,0,0,0,0,0,0,0,0,0,0,0,0,0,85,0,0,0,0,0,0,44,0,0,0,0,0,0,0,0,0,0,0,0,0,0,0,0,0,0,0,0,0,0,0,0,0,0,0,0,0,0,0,0,0,0,0,0,0,0,0,0,0,0,0,0,0,0,0,0,0,0,0,0,0,0,0,0,0,0,0,0,0,0,0,0,0,0,0,0,0,0,0,0,0,0,0,0,0,0,0,0,0,0,0,0,0,0,0,0,0,0,0,0,0,0,0,0,0,0,0,0,0,0,0,0,0,0,0,0,0,0,0,0,0,0,0,0,0,0,0,0,5,0,0,0,0,0,0,0,0,0,0,0,0,0,0,0,0,0,0,0,0,0,0,0,0,0,0,0,0,0,0,0,0,0,0,0,0,0,0,18,0,0,0,0,0,0,0,0,0,0,0,0,0,0,0,0,0,0,0,0,0,0,0,0,0,0,0,0,0,0,0,0,0,0,0,0,0,0,0,0,0,0,0,0,0,0,0,0,0,0,0,0,0,0,0,0,0,0,0,0,0,0,0,0,0,0,0,0,0,0,0,0,0,0,0,0,0,0,0,0,0,0,0,0,0,0,0,0,0,0,0,0,0,0,0,0,0,0,0,0,0,0,0,0,0,0,0,0,0,0,0,0,0,0,0,0,0,0,0,0,0,0,0,0,0,0,0,0,0,0,0,0,0,0,0,0,0,0,0,0,0,0,30,0,0,0,0,0,0,0,0,0,0,0,0,10,0,0,0,0,0,0,0,0,0,0,0,0,0,0,0,0,0,0,0,0,0,0,0,0,0,0,0,0,0,0,0,0,0,0,0,0,0,0,0,0,0,18,0,0,0,0,0,0,0,0,0,0,0,0,0,0,0,0,0,0,0,0,0,0,0,0,0,0,0,0,0,0,0,0,0,0,0,0,0,0,0,0,0,0,0,0,0,0,0,0,0,0,0,0,0,0,0,0,0,0,0,0,0,0,0,0,0,0,0,0,0,0,0,0,0,0,0,0,0,0,0,0,0,0,0,0,0,0,0,0,0,0,0,0,0,0,0,0,0,0,0,0,0,0,0,0,0,0,0,0,0,0,0,0,0,0,0,0,0,0,0,0,0,0,0,0,0,0,0,0,0,0,0,0,13,0,0,0,0,0,0,0,0,0,0,0,0,0,0,0,0,0,0,0,0,0,0,0,0,0,0,0,0,0,0,0,9,0,0,0,0,0,0,8,0,0,0,0,0,0,0,0,0,0,0,0,0,0,0,0,0,0,0,0,0,0,0,0,0,0,0,0,0,0,0,0,0,0,0,0,0,0,0,0,0,0,0,0,0,0,0,0,0,0,0,0,0,0,0,0,0,4,0,0,0,0,0,0,0,0,0,0,0,0,0,0,0,0,0,0,0,0,0,0,3,3,0,0,0,0,0,0,0,0,0,0,0,0,0,0,0,0,0,0,0,0,0,0,0,0,0,0,0,2,0,0,0,0,0,0,0,0,0,0,0,0,0,0,0,0,0,0,0,0,0,0,0,0,0,0,0,0,0,0,0
"Lactobacillus_H48_R2","Lactobacillus_H48_R2","Lactobacillus","H48",2,FALSE,126544,82860,13,5404,0,70,0,105,0,0,0,28,38,0,49,0,0,273,0,0,0,28,0,0,0,0,0,0,0,0,0,0,0,0,0,25,0,0,0,0,40,0,11,0,0,734,0,0,0,590,20,0,424,0,0,0,0,26,28,16,0,0,0,0,0,0,0,0,0,0,0,0,0,0,0,0,0,0,0,0,67,0,0,0,0,0,0,0,0,67,231,0,0,0,0,757,0,53,0,0,0,0,0,0,0,0,0,0,0,155,0,0,0,0,0,0,0,0,0,0,0,0,0,0,0,0,0,0,0,0,0,0,0,0,0,0,0,0,0,36,12,0,0,0,0,0,0,0,0,0,0,26,0,0,0,0,0,0,0,36,0,0,0,0,0,20,0,0,0,0,0,18,0,0,0,0,0,0,0,0,0,0,0,0,0,0,0,0,0,0,17,0,8,0,0,0,0,0,0,0,0,0,0,0,0,0,0,0,0,0,0,0,0,0,0,0,0,0,0,0,0,0,0,0,0,0,0,0,0,0,0,0,0,0,0,0,0,0,0,0,0,0,0,0,0,0,0,0,0,0,0,0,0,0,0,0,0,0,0,0,0,0,0,0,0,0,0,0,0,0,0,0,0,0,0,0,0,0,0,0,0,0,0,0,0,0,0,0,0,0,0,0,0,0,0,0,0,0,0,0,0,0,0,0,0,0,0,0,0,0,0,0,0,0,0,0,0,0,0,0,0,0,0,0,0,0,0,0,0,0,0,0,0,0,0,0,0,0,0,0,0,0,0,0,0,0,0,0,0,0,0,0,0,0,0,0,0,0,0,0,0,0,0,0,0,0,0,0,0,0,0,0,0,0,0,0,0,0,0,0,0,0,0,0,0,0,0,0,0,0,0,0,0,0,0,0,0,0,0,0,0,0,0,0,0,0,0,0,0,0,0,0,0,0,0,0,0,0,0,0,0,0,8,0,0,0,0,0,0,0,0,0,0,0,0,0,0,0,0,0,0,0,0,0,0,0,0,0,0,0,0,0,0,0,0,0,0,0,0,0,0,0,0,0,0,0,0,0,0,0,0,0,0,0,0,0,0,0,0,0,0,0,0,0,0,0,0,0,0,0,0,0,0,0,0,0,0,0,0,0,0,0,0,0,0,0,0,0,0,0,0,0,0,0,0,0,0,0,0,0,0,0,0,0,0,0,0,0,0,0,0,0,0,0,0,0,0,0,0,0,0,0,0,0,0,0,0,0,0,0,0,0,0,0,0,0,0,0,0,0,0,0,0,0,0,0,0,0,0,0,0,0,0,0,0,0,0,0,0,0,0,0,0,0,0,0,0,0,0,0,0,0,0,0,0,0,0,0,0,0,0,0,0,0,0,0,0,0,0,0,0,0,0,0,0,0,0,0,0,0,0,0,0,0,0,0,0,0,0,0,0,0,0,0,0,0,0,0,0,0,0,0,0,0,0,0,0,0,0,0,0,0,0,0,0,0,0,0,0,0,0,0,0,0,0,0,0,0,0,0,0,0,0,0,0,0,0,0,0,0,0,0,0,0,0,0,0,0,0,0,0,0,0,0,0,0,0,0,0,0,0,0,0,0,0,0,0,0,0,0,0,0,0,0,0,0,0,0,0,0,0,0,0,0,0,0,0,0,0,0,0,0,0,0,10,0,0,0,0,0,0,0,0,0,0,0,0,0,0,0,0,0,0,0,0,0,0,0,0,0,0,0,0,0,0,0,0,0,0,0,0,0,0,0,0,0,0,0,23,0,0,0,0,0,0,0,0,0,0,0,0,0,0,0,0,0,0,0,0,0,0,0,0,0,0,0,0,0,0,0,0,0,0,0,0,0,0,0,0,0,0,0,0,0,0,0,0,0,0,0,0,0,0,0,0,0,0,0,0,0,0,0,0,0,0,0,0,0,0,0,0,0,0,0,0,0,0,0,0,0,0,0,0,0,0,0,0,0,0,0,0,0,0,0,0,0,0,0,0,0,0,0,0,0,0,0,0,0,0,0,0,0,0,0,0,0,0,8,0,0,0,0,0,0,0,0,0,0,0,0,0,0,0,0,0,0,0,0,0,0,0,0,0,0,0,0,0,0,0,0,0,0,0,0,0,0,0,0,0,0,0,0,0,0,0,0,0,0,0,0,0,0,0,0,0,0,0,0,0,0,0,0,0,0,0,0,0,0,0,0,0,0,0,0,0,0,0,0,0,3,0,0,0,0,0,0,0,0,0,0,0,0,0,0,0,0,0,0,0,0,0,0,0,0,0,0,0,2,2,0,0,0,0,0,0,0,0,0,0,0,0,0,0,0,0,0,0,0,0,0,0,0,0,0,0,0,0,0
"Lactobacillus_H48_R3","Lactobacillus_H48_R3","Lactobacillus","H48",3,FALSE,118647,77753,0,2507,35,657,0,342,0,0,0,0,94,18,140,0,0,365,122,0,0,0,0,133,0,0,0,0,0,0,0,122,0,325,0,66,0,0,51,0,183,34,0,66,0,208,0,0,0,564,0,0,184,0,0,0,0,0,0,11,0,0,0,119,0,0,0,0,0,0,0,0,0,0,0,0,0,0,0,0,82,0,0,0,30,0,0,0,0,574,178,0,0,0,0,0,0,38,0,65,0,0,0,0,0,0,0,0,0,132,0,0,0,0,0,0,0,0,0,0,0,0,0,0,0,0,0,0,13,0,0,0,0,0,0,0,0,11,0,51,79,0,0,0,0,0,0,0,0,0,0,0,0,0,0,0,0,0,0,10,0,0,0,0,0,0,0,0,0,0,0,0,0,0,0,0,0,0,0,0,0,0,0,0,0,0,0,300,0,0,20,0,5,0,0,0,0,0,0,0,6,0,0,0,0,0,0,0,0,0,0,0,0,0,0,0,0,0,0,0,0,0,0,0,0,0,0,0,0,0,0,0,0,0,0,0,0,0,0,0,0,0,0,0,0,0,0,0,277,0,0,0,0,0,0,0,0,0,0,0,0,0,0,0,0,0,0,0,0,0,0,0,0,0,0,0,0,0,0,0,0,0,0,0,0,0,0,0,0,0,0,0,0,0,0,0,0,14,0,0,0,0,12,0,0,0,0,0,0,0,0,0,0,0,0,0,0,0,0,0,0,0,0,0,0,0,0,0,0,0,0,0,0,0,0,0,0,0,146,0,0,0,0,0,0,0,0,0,0,0,0,0,0,0,0,0,0,0,0,0,0,0,0,0,0,0,0,0,0,0,0,0,0,0,0,0,0,0,0,0,0,0,0,0,0,0,0,0,0,0,0,0,0,0,0,0,0,0,0,0,0,0,0,0,0,0,0,0,0,0,0,0,0,0,0,0,0,0,0,0,0,0,0,0,0,0,0,0,0,0,0,0,0,0,0,0,0,0,0,0,0,0,0,0,0,0,0,0,0,0,0,0,0,0,0,0,0,0,0,0,0,0,0,0,0,0,0,0,0,0,0,0,0,0,0,0,0,0,0,0,0,0,0,0,0,0,0,0,0,0,0,0,0,0,0,0,0,0,0,0,0,0,0,0,0,0,0,0,0,0,0,0,0,0,0,0,0,0,0,0,0,0,0,0,0,0,0,0,0,0,0,0,0,0,0,0,0,5,0,0,0,0,0,0,0,0,0,0,0,0,0,0,0,0,0,0,0,0,0,0,0,0,0,0,0,0,0,0,0,0,0,0,0,0,0,0,0,0,0,0,0,0,0,0,0,0,0,0,0,0,0,0,0,0,0,0,0,0,0,0,0,0,0,0,0,0,0,0,0,0,0,0,0,0,0,0,0,0,0,0,0,0,0,0,0,0,0,0,0,0,0,0,0,0,0,0,0,0,0,0,0,0,0,0,0,0,0,0,0,0,0,0,0,0,0,0,0,0,0,0,0,0,0,0,0,0,0,0,0,0,0,0,0,0,0,0,0,0,0,0,0,0,0,0,0,0,0,0,0,0,0,0,0,0,0,0,0,0,0,0,0,0,0,0,0,0,0,0,0,0,0,0,0,0,0,0,0,0,0,0,0,0,0,0,0,0,0,0,0,0,0,0,0,0,0,0,0,0,0,0,0,0,0,0,0,0,0,0,0,0,0,0,0,0,0,0,0,0,0,0,0,0,0,0,0,0,0,0,0,0,0,0,0,0,0,0,0,0,0,0,0,0,0,0,0,0,0,0,0,0,0,0,0,0,0,0,0,0,0,0,0,0,0,0,0,0,0,0,0,0,0,0,0,0,0,0,0,0,0,0,0,0,0,0,0,0,0,0,0,0,0,0,0,0,0,0,0,0,0,0,0,0,0,0,0,0,0,0,0,0,0,0,0,0,0,0,0,0,0,0,0,0,0,0,0,0,0,0,0,0,0,0,0,0,0,0,0,0,0,0,0,0,0,10,0,0,0,0,0,0,0,0,0,0,0,0,0,0,0,0,0,0,0,0,0,0,0,0,0,0,0,0,0,0,0,0,0,0,0,0,0,0,0,0,0,0,0,0,0,0,0,0,0,0,0,0,5,0,0,0,0,0,0,0,0,0,0,0,0,0,0,0,0,0,0,4,0,0,0,0,0,0,0,0,0,0,0,0,0,0,0,0,0,0,0,0,0,0,0,0,0,0,0,0,0,0,0,0,0,0,0,0,0,0,0,0,0,0,0,0,0,0,0,0,0,0,0,0,0,0,0,0,0,0,0,0,0,0,0,0,0,0,0,0,0,0,0,0,0,0,0,0,0,0,0,0,0,0
"Lactobacillus_W1_R1","Lactobacillus_W1_R1","Lactobacillus","W1",1,FALSE,96754,64632,15,647,526,2026,0,1108,0,0,295,1533,184,434,1276,32,1258,657,811,94,388,842,0,32,0,1415,32,967,0,63,0,16,0,66,0,108,0,92,147,0,142,134,125,243,0,33,0,0,93,571,110,229,0,311,529,0,0,0,9,9,0,156,138,118,308,257,0,0,0,0,0,0,0,29,0,190,0,79,347,58,71,39,0,0,0,7,0,0,0,0,160,28,62,0,0,0,64,90,0,0,0,0,0,0,55,0,0,0,0,102,0,0,0,0,0,141,92,114,0,0,0,0,72,0,432,0,0,0,0,0,15,91,0,0,0,0,0,11,119,43,0,0,0,0,0,0,0,84,0,0,0,0,0,0,135,0,3,44,0,38,9,2,0,0,0,18,70,7,96,0,0,5,0,23,65,0,0,0,553,0,53,5,0,123,0,0,0,0,0,0,0,0,0,0,0,0,0,0,0,0,0,0,0,0,0,66,0,0,0,0,0,0,0,0,0,0,0,0,0,0,0,0,27,0,0,0,0,0,0,0,0,0,0,0,0,45,0,0,0,0,0,0,0,0,0,64,0,0,0,0,0,0,0,21,0,0,0,0,0,0,0,0,0,0,0,0,0,0,0,0,0,0,0,0,0,0,0,0,0,0,53,0,0,0,0,0,0,0,60,0,0,0,0,0,0,0,0,19,0,0,0,0,17,0,0,0,0,0,0,0,0,0,0,0,0,0,0,0,0,0,0,0,0,0,0,0,0,0,0,0,0,0,0,0,0,0,0,0,0,0,0,0,0,0,0,0,0,0,0,0,0,0,0,0,0,0,0,0,0,0,0,0,0,0,0,0,0,0,0,0,0,0,0,0,0,0,12,0,0,0,0,0,0,0,0,0,0,71,0,0,0,0,0,0,0,0,0,0,0,0,0,0,0,0,0,0,0,0,0,0,0,0,0,0,0,0,0,0,27,0,0,0,9,18,0,0,0,0,0,0,0,0,0,0,17,0,0,0,0,0,0,0,0,0,0,0,0,0,0,0,0,0,0,0,0,0,0,0,0,0,0,0,0,0,0,0,0,0,0,0,0,0,0,0,0,0,0,0,0,10,0,0,0,0,0,0,0,0,0,0,0,0,0,0,0,0,0,0,0,0,0,0,0,0,0,0,0,0,0,0,0,0,0,0,0,0,0,0,0,0,0,0,0,0,0,0,31,0,0,0,0,0,0,0,0,0,0,0,32,0,0,0,0,0,0,0,0,0,0,23,0,0,0,0,0,0,0,0,0,0,0,0,0,0,0,0,0,0,0,0,0,0,0,0,0,0,0,0,0,0,0,0,0,0,0,0,0,0,0,0,0,0,0,0,0,0,0,0,0,0,0,0,0,0,0,0,0,0,0,0,0,0,0,0,0,0,0,0,0,0,0,0,0,0,0,0,0,0,0,0,0,10,0,0,0,0,0,0,0,0,0,0,0,0,0,0,0,0,0,0,0,0,0,0,0,0,45,0,0,0,0,0,0,0,0,13,0,0,0,13,0,0,10,0,0,0,0,0,0,0,0,0,0,0,0,0,0,38,22,11,0,0,0,0,0,17,0,0,0,0,0,0,0,0,0,0,0,0,0,0,0,0,0,0,0,0,0,0,0,0,0,0,0,0,0,0,0,0,0,0,0,0,0,0,0,0,0,0,0,0,0,0,0,0,0,0,0,0,0,0,0,0,0,0,0,0,0,0,0,0,0,0,0,0,0,0,16,0,0,0,0,0,0,0,0,0,0,0,0,0,0,0,0,0,0,0,0,0,0,0,0,0,0,0,0,0,0,0,0,0,0,0,0,0,0,0,0,0,0,0,0,0,14,0,0,0,0,9,0,0,0,0,0,0,0,0,0,0,0,0,0,0,0,0,0,0,0,0,0,0,0,0,0,0,0,0,0,14,0,0,0,0,0,0,0,0,0,0,0,0,0,0,0,0,0,12,0,0,0,0,0,0,11,0,0,0,0,0,0,0,0,0,0,0,0,0,0,0,0,0,9,9,0,0,0,0,0,0,0,0,0,0,0,0,0,7,0,0,0,0,0,0,0,0,0,0,0,0,0,0,0,6,0,0,0,0,0,0,0,0,0,0,0,0,0,0,0,0,0,0,0,0,0,0,0,0,0,0,0,0,0,0,0,0,0,0,0,0,0,0,0,0,0,0,0,0,0,0,0,0,0,0,0,0,0,0,0,0,0,0,3,0,0,0,0,0,0,0,0,0,0,0,0,0,0,0,0,0,0,0,0,0,0,0,0,0,0,0,0,2,2,0,0,0,0,0,0,0,0,0,0,0,0,0,0,0,0,0,0,0,0,0,0,0,0,0,0,0
"Lactobacillus_W1_R2","Lactobacillus_W1_R2","Lactobacillus","W1",2,FALSE,110291,75192,119,612,0,2192,0,545,0,0,32,44,320,397,1394,36,1481,960,2032,559,558,0,47,0,0,114,204,367,0,0,85,18,84,86,0,1392,0,133,5035,29,436,41,193,727,0,359,0,0,0,640,729,0,0,50,1525,0,0,0,56,0,0,0,0,736,1215,117,0,0,36,0,0,0,0,68,0,1575,0,223,83,193,0,29,0,0,0,0,0,0,0,38,164,784,54,88,0,0,81,148,0,0,0,36,266,0,163,0,0,0,0,116,0,0,237,0,71,357,214,270,0,0,0,447,65,414,306,0,0,0,0,0,22,26,0,0,25,0,0,22,123,94,0,0,28,96,0,0,0,153,0,0,0,0,35,0,0,0,13,35,0,42,158,9,0,0,457,30,30,0,260,0,0,29,0,0,216,38,0,530,0,0,24,39,0,73,11,0,498,0,0,0,0,0,0,0,0,0,0,0,0,0,13,0,0,0,0,95,16,0,0,0,0,0,0,0,0,0,0,0,0,0,0,0,0,0,0,0,0,0,0,0,0,0,0,0,0,34,0,0,0,0,0,0,29,0,0,77,0,0,0,0,0,225,0,109,0,0,0,0,0,0,0,0,0,0,0,0,0,0,243,0,0,0,0,0,0,0,0,0,0,0,22,0,0,0,0,0,0,210,55,0,0,0,0,0,0,0,0,66,0,0,0,0,0,0,0,0,0,0,46,0,0,0,0,0,0,0,0,7,0,0,0,0,0,0,0,0,0,0,0,0,0,0,86,0,17,0,0,0,0,0,0,0,0,0,0,0,0,0,0,0,0,0,0,0,0,0,0,0,0,25,0,0,0,0,0,0,0,0,0,0,0,0,0,0,0,0,0,0,0,0,0,0,0,0,119,0,0,0,53,0,0,0,0,0,0,0,0,0,0,0,0,0,0,0,0,0,0,0,0,0,0,0,0,0,0,0,0,0,0,0,0,0,0,0,0,0,0,0,0,0,0,0,0,0,0,0,0,0,0,0,0,0,0,0,0,0,0,0,0,0,0,0,0,0,0,0,0,0,0,0,0,0,0,0,0,0,0,0,0,0,0,0,0,0,0,0,0,0,0,0,0,0,0,0,0,0,0,0,0,0,0,0,0,0,0,0,0,0,0,0,0,0,0,0,0,0,0,0,0,0,0,0,0,0,0,0,0,0,0,0,0,0,0,0,0,0,0,0,0,0,0,16,0,0,0,0,0,0,0,0,0,0,0,0,0,0,0,0,0,0,0,0,0,0,65,0,0,0,0,0,0,0,0,0,0,0,0,0,0,0,0,0,0,0,0,0,0,0,0,0,0,0,0,0,0,0,0,0,0,0,0,0,0,0,55,0,0,0,0,0,15,0,0,0,0,0,0,0,0,0,0,0,0,0,37,0,0,0,0,0,0,0,0,0,0,0,0,0,0,0,0,0,0,0,0,0,0,0,0,0,0,0,0,0,0,0,0,0,0,0,0,0,0,0,0,0,0,0,0,0,0,0,0,0,0,0,0,0,0,0,0,0,0,0,0,0,41,0,0,0,0,0,0,0,0,0,0,0,16,0,0,0,0,0,0,0,0,0,0,0,0,0,0,0,0,0,0,0,0,0,0,0,0,0,0,0,0,0,0,0,0,0,0,0,0,0,0,0,0,0,0,0,0,0,0,19,8,0,0,0,0,0,0,0,0,0,0,13,0,0,0,0,0,0,0,0,0,0,0,0,0,0,0,0,0,0,0,0,0,0,0,0,0,0,0,0,0,0,0,0,0,0,0,0,0,0,0,0,0,0,0,0,0,0,0,0,0,12,0,0,0,0,20,20,0,0,0,0,0,0,0,0,0,0,0,0,0,9,0,0,0,0,0,0,0,0,0,0,0,0,0,0,0,0,0,0,0,0,0,0,0,0,0,0,0,0,0,0,0,0,0,0,0,0,0,0,0,0,0,0,0,0,0,0,0,0,12,0,0,0,0,0,0,0,0,0,0,0,0,0,0,0,0,0,0,0,0,0,0,0,0,0,0,0,0,0,0,0,0,0,0,0,0,0,0,0,7,0,0,0,0,0,0,0,0,0,0,0,0,0,0,0,0,0,0,0,0,0,0,0,0,0,0,0,0,0,0,5,0,0,0,0,0,0,0,0,0,0,0,0,0,0,0,0,0,0,4,0,0,0,0,0,0,0,0,0,0,0,0,0,0,0,0,0,0,0,0,0,0,0,0,3,3,3,0,0,0,0,0,0,0,0,0,0,0,0,0,0,0,0,0,0,0,0,0,0,0,0,0,0,0,2,2,2,0,0,0,0,0,0,0,0,0,0,0,0,0,0,0,0,0,0,0,0,0,0,0,0
"Lactobacillus_W1_R3","Lactobacillus_W1_R3","Lactobacillus","W1",3,FALSE,57325,38718,0,560,0,444,0,685,6,0,0,93,19,83,1229,0,140,520,702,0,0,0,0,44,0,0,0,0,0,0,16,29,0,126,0,0,0,159,101,0,119,134,106,0,0,148,0,0,0,443,33,0,0,0,0,0,0,0,0,7,0,0,0,103,0,0,0,0,0,0,0,0,0,0,0,0,0,0,0,25,60,0,0,0,0,0,0,0,0,60,93,0,0,0,0,0,0,23,0,0,0,0,0,0,0,0,0,0,0,55,0,0,0,0,0,0,14,0,0,0,0,0,0,0,21,0,0,0,0,0,0,0,0,0,0,0,0,0,0,0,14,0,0,0,0,0,0,0,0,0,0,46,0,0,0,0,0,0,709,0,0,0,0,0,0,0,0,0,0,0,0,0,0,0,0,0,0,0,0,0,0,0,0,0,0,0,0,0,0,0,0,0,0,0,0,0,0,0,0,0,0,0,0,0,0,0,0,0,0,0,0,0,0,0,0,0,0,0,0,0,383,0,0,0,0,0,0,0,0,0,0,0,0,0,0,0,0,0,0,0,0,0,0,0,0,0,0,280,0,0,0,0,0,0,0,6,3,0,0,0,0,0,0,0,0,0,0,0,0,0,0,0,0,0,0,0,0,0,0,0,0,0,0,0,0,0,0,0,0,0,0,0,0,0,0,0,0,0,0,0,0,0,0,0,0,0,0,0,0,0,0,0,0,0,0,0,0,0,0,0,0,0,0,0,0,0,0,0,0,0,0,0,9,0,0,0,0,0,0,0,0,0,0,0,0,0,0,0,0,0,0,0,0,0,0,0,0,0,0,0,0,0,0,0,0,0,0,0,0,0,0,0,0,0,0,0,0,0,0,0,0,0,0,0,0,0,0,0,0,0,0,0,0,0,0,0,0,0,0,0,0,0,0,0,0,0,0,0,0,0,0,0,0,0,0,0,0,0,0,0,0,0,0,0,0,0,0,0,0,0,0,0,0,0,0,0,0,0,0,0,0,0,0,0,0,0,0,0,0,0,0,0,0,0,0,0,0,0,0,0,0,0,0,0,0,0,0,0,0,0,0,0,0,0,0,0,0,0,0,0,0,0,0,0,8,0,0,0,0,0,0,0,0,0,0,0,0,0,0,0,0,0,0,0,0,0,0,0,0,0,0,0,0,0,0,0,0,0,0,0,0,0,0,0,0,0,0,0,0,0,0,0,0,0,0,0,0,0,0,0,0,0,0,0,0,0,0,0,0,0,0,0,0,0,0,0,0,0,0,0,0,0,0,0,0,0,0,0,0,0,0,0,0,0,0,0,0,0,0,0,0,0,0,0,0,0,0,0,0,0,0,0,0,0,0,0,0,0,0,0,0,0,0,0,0,0,0,0,0,0,0,0,0,0,0,0,0,0,0,0,0,0,0,0,0,0,0,0,0,0,0,0,0,0,0,0,0,0,0,0,0,0,0,0,0,0,0,0,0,0,0,0,0,0,0,0,0,0,0,0,0,0,0,0,0,0,0,0,0,0,0,0,0,0,0,0,0,0,0,0,0,0,0,0,0,0,0,0,0,0,0,0,0,0,0,0,0,0,0,0,0,0,0,0,0,0,0,0,0,0,0,0,0,0,0,0,0,0,0,0,0,0,0,0,0,0,0,21,0,0,0,0,0,0,0,0,0,0,0,0,0,0,0,0,0,0,0,0,0,0,0,0,0,0,0,0,0,0,0,0,0,0,0,0,0,0,0,0,0,0,0,0,0,0,0,0,0,0,0,0,0,0,0,0,0,0,0,0,0,0,0,0,0,0,0,0,0,0,0,0,0,0,0,0,0,0,0,0,0,0,0,0,0,0,0,0,0,0,0,0,0,0,0,0,0,0,0,0,0,0,0,0,0,0,0,0,0,0,2,0,0,0,0,0,0,0,0,0,0,0,0,0,0,0,0,0,0,0,0,0,0,0,0,0,0,0,0,0,0,0,0,0,0,0,0,0,0,0,0,0,0,0,0,0,0,0,0,0,0,0,0,0,0,0,0,0,0,0,0,0,0,0,0,0,0,0,0,0,0,0,0,0,0,0,0,0,0,0,0,0,0,0,0,0,0,0,0,0,0,0,0,0,0,0,0,0,0,0,0,0,0,0,0,0,0,0,0,0,0,0,0,0,0,0,0,0,0,0,0,0,0,0,0,0,0,0,0,0,0,0,0,0,0,0,0,0,0,0,0,0,0,0,0,0,0,0,0,0,0,0,0,0,0,0,0,0,0,0,0,0,0,0,0,0,0,0,0,0,0,0,0,0,0,0,0,0,0,0,0,0,0,0,0,0,0,0,0,0,0,0,0,0,0,0,0,0,0,0
"Lactobacillus_W2_R1","Lactobacillus_W2_R1","Lactobacillus","W2",1,FALSE,125043,85568,0,972,0,329,43,206,0,0,0,67,369,0,68,0,22,114,99,0,0,0,0,0,0,38,0,0,0,0,0,0,56,40,0,89,0,0,251,0,0,0,0,0,0,16,0,0,0,1020,0,0,0,0,0,0,0,0,0,5,0,0,0,40,26,0,0,76,0,0,0,0,0,81,0,37,0,0,0,0,55,0,0,0,0,0,0,0,0,107,196,0,0,0,0,486,0,21,0,0,0,0,303,0,0,0,0,0,0,134,0,10,0,0,0,13,0,0,0,0,0,0,0,32,0,0,0,0,37,0,0,0,0,0,0,0,0,0,0,0,0,0,0,0,0,0,0,0,0,0,0,24,0,0,0,0,7,0,0,0,0,0,0,0,0,17,0,0,0,0,0,14,0,0,0,0,0,0,0,0,0,0,0,0,0,0,0,0,0,0,0,0,0,0,0,0,0,0,0,0,0,0,0,0,0,0,8,0,0,0,0,0,0,0,0,0,0,0,0,0,0,0,0,0,0,0,0,0,0,0,0,0,0,0,329,0,0,0,0,0,0,0,0,0,0,0,0,0,0,0,0,5,0,0,0,5,0,0,0,0,0,0,0,0,37,0,0,0,0,0,0,0,0,0,0,0,0,0,0,0,0,0,0,0,0,0,0,0,0,0,0,0,0,0,0,0,0,0,0,0,0,0,0,0,0,0,0,0,0,0,0,0,0,0,0,0,0,0,0,0,0,0,0,0,0,0,0,0,0,0,0,0,0,0,0,0,0,0,0,0,0,0,0,0,0,0,0,0,0,0,0,0,0,0,0,0,0,0,0,0,0,0,0,0,0,0,0,0,0,0,0,0,0,0,0,0,0,0,0,0,0,0,0,0,0,0,0,0,0,0,0,0,0,0,0,0,0,0,0,0,0,0,0,0,0,0,0,0,0,0,0,0,0,0,0,0,0,0,0,0,0,0,0,0,0,0,0,0,0,0,0,3,0,0,0,0,0,0,0,0,0,0,0,0,0,0,0,0,0,0,0,0,0,0,0,0,0,0,0,0,0,0,0,0,0,0,0,0,0,0,0,0,0,0,0,0,0,0,0,0,0,0,0,0,0,0,0,0,0,0,0,0,0,0,0,0,0,0,0,0,0,0,0,0,0,0,0,0,0,0,0,0,0,0,0,0,0,0,0,0,0,0,0,0,0,0,0,0,0,0,0,0,0,0,0,0,0,0,0,0,0,0,0,0,0,0,0,0,0,0,0,0,0,0,0,0,0,0,0,0,0,0,0,0,0,0,0,0,0,0,0,0,0,0,0,0,0,0,0,0,0,0,0,0,0,0,0,0,0,0,0,0,0,0,0,0,0,0,0,0,0,0,0,0,0,0,0,0,0,0,0,0,0,0,0,0,0,0,0,0,0,0,0,0,0,0,0,0,0,0,0,0,0,0,0,0,0,0,0,0,0,0,0,0,0,0,0,0,0,0,0,0,0,0,0,0,0,0,0,0,0,0,0,0,0,0,0,0,0,0,0,0,0,0,0,0,0,0,0,0,0,0,0,0,0,0,0,0,0,0,0,0,0,0,0,0,0,0,0,0,0,0,0,0,0,0,0,0,0,0,0,0,0,0,0,0,0,0,0,0,0,0,0,0,0,0,0,0,0,0,0,0,0,0,0,0,0,0,0,0,0,0,0,0,0,0,0,0,0,0,0,0,0,0,0,0,0,0,0,0,0,0,0,0,0,0,0,0,0,0,0,0,0,0,0,0,0,0,0,0,0,0,0,0,0,0,0,0,0,0,0,0,0,0,0,0,0,0,0,0,0,0,0,0,0,0,0,0,0,0,0,0,0,0,0,0,0,0,0,0,0,0,0,0,0,0,0,0,0,0,0,0,0,0,0,0,0,0,0,0,0,0,0,0,0,0,0,0,0,0,0,0,0,0,0,0,0,0,0,0,0,0,0,0,0,0,0,0,0,0,0,0,0,0,0,0,0,0,0,0,0,0,0,0,0,0,0,0,0,0,0,0,0,0,0,0,0,0,8,0,0,0,0,0,0,0,0,7,0,0,0,0,0,0,0,0,0,0,0,0,0,0,0,0,0,0,0,0,0,0,0,0,0,0,0,0,0,0,0,0,0,0,0,0,0,0,0,0,0,0,0,0,0,0,0,0,0,4,0,0,0,0,0,0,0,0,0,0,0,0,0,0,0,0,0,0,0,0,0,0,0,0,0,0,3,3,0,0,0,0,0,0,0,0,0,0,0,0,0,0,0,0,0,0,0,0,0,0,0,0,0,0,0,0,0,0,0,0,0,0,0,0,0,0,0,0,0,0,0,0,0,0,0,0,0,0,0,0
"Lactobacillus_W2_R2","Lactobacillus_W2_R2","Lactobacillus","W2",2,FALSE,117618,79421,4,1825,0,322,0,593,5,0,0,16,144,45,157,0,0,1786,72,0,0,0,0,65,0,0,0,0,0,0,6,29,0,230,0,42,0,3,58,0,946,54,0,0,0,726,0,0,0,709,0,0,0,0,0,0,0,0,22,5,0,415,0,0,0,0,0,0,19,0,0,0,0,12,0,0,0,0,0,0,69,0,0,0,0,0,0,0,0,119,242,0,0,0,0,0,0,31,0,0,0,0,273,0,0,0,0,0,0,132,0,0,0,0,0,0,0,0,0,0,0,0,0,0,0,0,0,0,0,0,4,0,0,0,0,0,0,0,0,15,24,0,0,0,0,0,0,0,0,0,0,43,0,0,0,0,0,0,0,26,0,0,11,0,0,0,0,0,0,0,0,0,6,0,0,0,0,0,0,0,0,0,0,11,0,0,0,0,0,0,17,0,0,0,0,0,0,0,0,0,0,0,0,0,0,0,0,0,0,0,0,0,0,0,0,0,0,391,0,0,0,0,0,0,0,0,0,0,0,0,0,0,0,0,0,0,0,0,0,0,0,0,0,0,0,0,0,0,0,0,0,0,0,0,0,0,5,0,0,0,0,0,0,0,0,0,0,0,0,0,0,0,0,0,0,0,0,0,0,0,0,0,0,0,0,0,25,0,0,0,2,0,0,0,0,0,0,0,0,0,0,0,6,0,0,0,0,0,0,0,0,0,0,0,0,0,0,0,0,0,0,0,0,0,0,0,0,0,165,0,0,0,0,0,0,0,0,0,0,0,0,0,0,0,0,0,0,0,0,0,0,0,0,0,0,0,0,0,0,0,0,0,0,0,0,0,0,0,0,0,0,0,0,0,0,0,0,0,0,0,0,0,0,0,0,0,0,0,0,0,0,0,0,0,0,0,0,0,0,0,0,0,0,0,0,0,0,0,0,0,0,0,0,0,0,0,0,0,0,0,0,0,9,0,0,0,0,0,0,0,0,0,0,0,0,0,0,0,0,0,0,0,0,0,0,2,0,0,0,0,0,0,0,0,0,0,0,0,0,0,0,0,0,0,0,0,0,0,0,0,0,0,0,0,0,0,0,0,0,0,0,0,0,0,0,0,0,0,0,0,0,0,0,0,0,0,0,0,0,0,0,0,0,0,0,0,0,0,0,0,0,0,0,0,0,0,0,0,0,0,0,0,0,0,0,0,0,0,0,0,0,0,0,0,0,0,0,0,0,0,0,0,0,0,0,0,0,0,0,0,0,0,0,0,0,0,0,0,0,0,0,0,0,0,0,0,0,0,0,0,0,0,0,0,0,0,0,0,0,0,0,0,0,0,0,0,0,0,0,0,0,0,0,0,0,0,0,0,0,0,0,0,0,0,0,0,0,0,0,0,0,0,0,0,0,0,0,0,0,0,0,0,0,0,0,0,0,0,0,0,0,0,0,0,0,0,0,0,0,0,0,0,0,0,0,0,0,0,0,0,0,0,0,0,0,0,0,0,0,0,0,0,0,0,0,0,0,0,0,0,0,0,0,0,0,0,0,0,0,0,0,0,0,0,0,0,0,0,0,0,0,0,0,0,0,0,0,0,0,0,0,0,0,0,0,0,0,0,0,0,0,0,0,0,0,0,0,0,0,0,0,0,0,0,0,0,0,0,0,0,0,0,0,0,0,0,0,0,0,0,0,0,0,0,0,0,0,0,0,0,0,0,0,0,0,0,0,0,0,0,0,0,0,0,0,0,0,0,0,0,0,0,0,0,0,0,0,0,0,0,0,0,0,0,0,0,0,0,0,0,0,0,0,0,0,0,0,0,0,0,0,0,0,0,0,0,0,0,0,0,0,0,0,0,0,0,0,0,0,0,0,0,0,0,0,0,0,0,0,0,0,0,0,0,0,0,0,0,2,0,0,0,0,0,0,0,0,0,0,0,0,0,0,0,0,0,0,0,0,0,0,0,0,0,0,0,0,0,0,0,0,0,0,0,0,0,0,0,0,0,0,0,0,0,0,0,0,0,0,0,0,0,0,0,0,0,0,0,0,0,0,0,0,0,0,0,0,0,0,0,0,0,0,0,0,0,0,0,0,0,0,0,0,0,0,0,0,0,0,0,0,0,0,0,0,0,0,0,0,0,0,0,0,0,0,0,0,0,0,0,0,0,0,0,0,0,0,0,4,4,0,0,0,0,0,0,0,0,0,0,0,0,0,0,0,0,0,0,0,0,0,0,0,0,0,0,0,0,0,0,0,0,0,0,0,0,0,0,0,0,0,0,0,0,0,0,0,0,0,0,0,0,0,0,2,0,0,0,0,0,0,0,0,0,0,0,0,0,0,0,0,0,0,0,0,0,0,0
"Lactobacillus_W2_R3","Lactobacillus_W2_R3","Lactobacillus","W2",3,FALSE,107480,74353,0,8052,0,4678,0,446,0,0,11,193,238,143,542,301,960,669,435,167,125,218,0,0,0,57,158,163,0,0,52,0,111,95,0,210,0,323,656,0,174,0,1006,373,0,344,0,0,71,775,142,0,566,0,3271,0,0,0,19,0,0,163,0,90,126,0,0,0,0,0,0,0,0,0,0,100,33,0,0,0,18,0,0,0,44,0,0,0,0,0,163,54,0,0,0,643,0,27,0,0,0,0,0,0,0,0,0,0,0,120,0,0,605,0,0,708,0,672,0,0,0,0,35,70,0,0,0,0,52,0,15,0,0,0,0,0,0,0,81,28,6,0,123,24,0,0,0,0,0,0,0,0,0,0,85,0,259,0,0,59,125,0,0,0,67,0,0,12,0,0,0,48,0,0,0,0,0,35,0,0,0,16,0,12,0,0,0,0,313,0,0,0,0,459,0,0,0,0,48,39,34,0,0,0,0,145,92,0,0,0,0,0,0,0,0,78,0,0,0,0,0,0,0,0,0,0,324,0,0,0,0,0,0,212,0,0,0,0,0,0,244,0,0,0,0,3,0,0,0,0,0,0,0,0,0,0,6,0,0,0,0,0,0,0,42,248,201,0,0,0,25,0,0,0,0,0,0,0,0,0,0,0,0,52,0,0,46,0,0,0,0,0,0,0,0,194,0,0,15,0,0,0,0,0,0,0,0,0,74,0,0,0,0,0,0,0,0,0,0,0,0,0,0,0,0,0,0,0,0,0,0,0,0,0,0,0,0,12,0,0,0,0,0,0,0,0,0,0,0,0,0,0,0,0,0,0,0,0,105,0,0,0,0,134,0,0,0,0,0,0,120,0,0,0,0,0,0,34,0,0,0,0,0,0,0,0,0,0,57,0,0,0,0,0,0,0,0,0,0,0,0,0,0,0,89,0,0,0,0,0,0,0,0,0,0,0,0,0,0,0,0,0,0,28,0,0,0,0,0,0,0,0,0,0,0,0,0,0,0,0,0,0,0,0,0,0,0,0,0,0,0,0,0,0,0,0,0,85,0,0,0,0,0,0,0,0,0,0,0,0,0,0,0,0,83,0,0,0,0,0,0,0,0,0,0,0,0,0,0,0,0,0,0,0,0,77,0,0,0,0,0,0,0,0,0,0,0,0,0,0,0,0,0,0,0,0,0,0,0,0,0,0,0,0,0,0,0,70,70,0,0,0,0,0,0,0,0,0,0,0,0,0,0,0,0,0,0,0,0,0,66,0,0,0,0,0,0,0,0,0,0,0,0,0,0,0,0,0,62,0,0,0,0,0,0,0,0,0,0,0,0,0,0,0,0,0,0,0,0,0,0,0,0,0,0,0,0,0,0,0,0,0,0,0,0,0,0,0,0,0,0,0,0,0,0,0,0,0,0,0,0,0,0,0,0,0,0,0,0,0,0,0,0,0,0,0,0,0,0,0,0,0,0,0,0,0,0,0,0,0,0,0,0,0,0,0,0,0,0,0,0,0,0,0,0,0,0,0,0,0,0,0,0,0,0,0,0,0,0,0,0,0,0,0,0,0,0,0,0,0,0,0,0,0,0,0,37,37,0,0,0,0,0,0,36,0,0,0,0,0,0,0,0,0,0,0,0,0,0,0,0,0,0,0,0,0,0,0,31,0,0,0,0,0,0,0,0,0,0,0,0,29,0,0,0,0,0,0,28,0,0,0,0,0,0,0,0,0,0,0,0,0,0,0,0,0,0,0,0,0,0,0,0,0,0,0,0,0,0,23,23,23,9,0,0,0,0,0,0,0,22,0,0,0,0,0,0,0,21,0,0,0,0,0,0,0,0,0,0,0,0,0,0,0,0,0,0,0,0,0,0,0,0,0,6,0,0,0,0,0,0,0,0,0,0,0,0,0,0,15,0,0,0,0,0,0,0,0,0,0,0,0,0,0,0,0,0,0,0,0,0,0,0,0,0,0,0,0,0,0,0,0,0,0,0,0,0,0,0,0,0,0,0,0,10,0,0,0,0,0,0,0,0,0,0,0,0,0,0,0,0,0,0,0,0,0,0,0,0,0,0,0,0,0,0,0,0,0,0,0,0,0,0,0,0,0,0,0,0,0,0,0,0,0,0,0,0,0,5,5,0,0,0,0,0,0,0,0,0,0,0,0,0,0,0,0,0,0,0,0,4,4,0,0,0,0,0,0,0,0,0,0,0,0,0,0,0,0,0,0,0,0,0,0,0,0,0,0,0,0,0,0,0,0,0,0,0,0,0,0,0,0,0,0,0,0,0,0,0,0,0,0,0,0,0,2,0,0,0,0,0,0,0,0,0,0,0,0,0,0,0,0,0,0,0,0,0,0
"Spontaneous_H24_R1","Spontaneous_H24_R1","Spontaneous","H24",1,FALSE,115,63,41135,2963,11177,2200,5869,7363,3337,0,54,1311,13780,1458,522,3910,3258,6017,331,1274,262,678,0,408,0,193,5116,1612,0,713,3449,229,3551,840,150,4546,0,3384,49,2063,1378,246,2918,286,157,2002,0,996,333,0,183,148,0,83,0,197,0,149,229,42,0,346,225,95,692,67,0,1961,15,91,0,0,1794,785,0,90,147,792,40,0,534,559,0,0,0,14,64,0,0,169,0,208,104,136,0,0,0,219,772,46,0,142,0,0,0,0,201,0,0,0,218,454,0,0,0,0,0,0,0,0,542,0,136,130,31,0,0,0,21,0,35,0,0,0,0,400,112,441,313,62,99,0,70,0,86,0,0,21,36,0,0,191,0,55,0,0,50,14,0,90,139,0,0,608,0,179,14,33,0,110,172,142,20,28,41,0,0,0,0,0,41,72,0,20,21,0,0,0,9,0,0,0,0,0,0,0,0,0,14,29,25,80,0,46,0,0,0,0,0,0,62,0,0,0,85,12,24,0,0,0,0,0,0,0,0,0,0,0,0,0,0,0,0,0,0,0,0,0,15,119,30,0,66,0,0,0,0,0,0,0,6,0,0,0,0,0,4,0,3,0,0,0,18,0,0,0,0,0,0,0,129,0,0,0,85,0,0,0,0,0,0,0,70,0,0,0,0,0,0,0,0,0,81,0,0,0,0,7,0,0,0,0,19,0,0,0,0,0,14,44,0,0,0,0,0,0,0,67,0,0,61,0,0,0,169,73,0,0,0,0,0,0,12,8,0,0,0,93,0,0,0,0,0,0,0,0,0,10,0,0,0,0,0,0,0,0,0,0,0,0,0,0,0,0,7,0,0,0,0,0,0,0,0,0,0,98,0,0,0,0,0,0,0,0,0,0,0,0,0,118,0,0,0,0,0,0,0,0,0,0,0,0,0,0,0,0,0,0,0,16,0,0,0,0,0,0,0,0,0,0,0,0,12,0,0,0,0,0,0,0,0,0,0,0,0,0,0,0,0,0,0,0,0,0,0,0,29,0,0,0,0,92,0,0,0,27,0,0,0,0,0,0,22,0,0,0,21,0,0,0,0,0,0,0,0,83,0,0,0,0,0,0,0,0,31,0,0,11,0,0,0,0,0,0,0,0,0,0,0,0,0,0,0,0,0,0,0,0,0,0,0,0,0,0,0,0,0,0,0,0,0,0,0,71,9,0,0,0,0,0,0,0,0,0,0,0,0,0,0,0,0,0,0,0,0,0,0,0,0,0,0,0,0,0,0,0,0,0,0,0,0,0,0,0,0,0,0,63,0,19,0,0,0,0,0,0,59,15,0,0,0,0,0,0,0,0,2,0,0,0,0,0,0,0,0,0,0,0,0,0,0,0,0,0,0,0,0,0,0,0,0,0,0,0,0,0,0,0,0,0,14,0,0,0,0,0,0,0,0,0,0,0,0,0,0,0,0,0,0,0,0,0,0,0,0,0,0,25,0,0,0,0,0,0,0,0,0,0,0,0,0,0,0,0,0,21,0,0,0,0,0,0,32,0,0,0,0,0,0,0,0,0,15,39,39,0,0,0,0,0,0,0,0,0,12,0,0,0,7,0,0,0,0,0,0,0,0,0,0,0,0,0,10,0,0,0,0,0,0,0,0,0,0,0,0,0,0,0,0,0,0,0,0,0,0,0,13,0,0,0,0,0,0,0,0,0,0,0,0,0,0,0,0,0,0,0,0,0,0,0,0,0,0,0,0,0,0,13,6,0,11,0,0,0,0,0,0,0,0,0,0,0,0,0,0,0,0,0,0,0,0,0,0,0,0,0,0,0,0,21,0,0,0,0,20,0,0,0,0,0,0,0,0,19,0,0,0,0,0,0,0,0,0,0,0,0,0,0,0,0,0,0,0,0,0,0,0,0,5,0,15,15,0,0,0,0,0,0,14,0,0,0,0,0,0,0,7,0,13,13,0,0,0,0,0,0,0,12,0,0,0,0,0,0,0,0,0,0,0,0,0,0,0,0,0,0,0,0,0,0,0,0,0,0,0,0,0,0,0,8,0,0,0,0,0,0,0,0,0,0,0,0,0,0,0,0,0,0,0,0,0,0,0,0,0,0,0,0,0,0,0,0,0,0,0,0,0,0,0,0,5,5,0,0,0,0,0,0,0,0,0,0,0,0,0,0,0,0,0,0,0,0,4,0,0,0,0,0,0,0,0,0,0,0,0,0,0,0,0,0,0,0,0,0,0,0,3,3,0,0,0,0,0,0,0,0,0,0,0,0,0,0,0,0,0,0,0,0,0,0,0,0,0,0,0,0,2,2,2,0,0,0,0,0,0,0,0,0,0,0,0,0,0,0,0,0,0,0
"Spontaneous_H24_R2","Spontaneous_H24_R2","Spontaneous","H24",2,FALSE,11,0,1287,44555,80,1961,10470,5870,3790,0,3403,1233,16730,497,1217,3048,144,9089,273,237,83,574,0,674,0,965,8171,0,0,126,9300,190,7426,10302,215,725,0,0,107,333,4531,1673,35,78,49,1043,0,0,75,0,165,451,2876,708,152,64,0,28,38,21,0,126,0,74,85,144,0,889,641,28,0,0,76,282,0,0,0,109,0,0,176,229,0,0,942,0,22,0,0,0,0,41,29,58,0,0,70,86,960,0,22,122,0,0,0,0,0,0,338,0,0,138,0,0,0,0,0,0,0,1162,0,0,0,82,0,0,0,1136,254,1113,32,0,0,0,0,101,0,263,12,123,54,81,0,0,0,0,0,0,0,0,0,53,0,0,0,0,42,0,0,98,0,0,0,0,126,148,15,0,0,85,0,61,0,0,0,0,0,0,0,0,0,33,0,0,420,0,0,0,0,0,13,0,0,0,0,0,0,0,24,0,0,50,0,60,20,0,0,0,0,0,0,0,0,0,268,61,0,0,0,0,0,0,0,0,0,0,0,0,0,0,0,0,0,0,0,0,0,0,62,196,0,162,21,0,0,0,0,0,0,0,5,26,0,0,0,15,6,0,0,0,0,0,0,0,0,0,0,0,0,0,19,0,0,0,0,0,0,0,0,0,0,0,0,0,0,0,95,0,0,0,0,0,53,0,0,0,0,0,0,0,0,0,5,0,0,0,0,0,0,0,0,0,0,0,0,0,0,27,0,0,10,0,0,0,0,0,0,0,0,0,0,0,0,0,0,0,154,0,0,0,0,0,0,0,0,0,0,0,0,0,0,0,0,0,0,0,0,0,0,0,0,0,0,0,0,0,0,0,0,0,0,0,0,0,0,0,0,0,0,0,0,0,0,0,0,0,0,0,0,0,0,0,0,0,0,0,0,0,0,0,46,0,0,0,0,109,0,0,0,0,0,0,0,0,0,0,0,0,0,0,0,0,9,0,0,0,0,0,0,0,0,0,0,0,0,0,0,0,0,0,0,0,0,0,0,0,25,0,0,0,0,0,0,58,0,0,0,0,0,0,0,0,0,0,0,0,0,0,0,0,0,0,0,0,0,0,0,0,0,0,0,0,0,0,0,0,0,0,0,0,0,0,0,0,0,0,0,0,0,0,0,0,0,0,0,0,0,0,0,0,0,0,0,0,0,0,0,0,0,0,0,0,0,0,0,0,0,0,0,0,0,0,69,0,0,0,0,5,0,68,0,0,0,0,0,0,0,0,0,0,0,0,0,0,0,0,0,0,0,0,0,0,0,0,0,0,0,0,0,0,0,0,0,0,0,0,0,0,59,0,0,0,58,0,0,0,0,36,0,0,0,0,0,0,0,0,0,0,0,0,0,0,0,0,0,0,0,0,0,0,0,0,0,0,0,0,0,0,0,0,0,0,0,0,0,0,0,0,0,0,0,0,0,0,0,0,0,0,0,0,0,0,0,0,0,0,0,0,0,0,0,0,0,0,0,0,0,0,0,0,0,0,0,0,0,0,0,0,0,0,43,0,0,0,0,0,0,0,0,0,0,0,0,0,0,0,0,0,0,0,0,0,0,0,0,0,0,0,0,0,0,0,0,0,0,0,0,0,0,0,0,0,0,0,0,0,0,0,0,0,0,0,0,0,0,0,0,0,0,0,0,0,0,0,20,0,0,30,0,0,0,0,0,0,0,0,0,0,0,0,0,0,0,0,0,0,0,0,0,0,0,0,0,0,0,0,0,0,0,0,0,0,0,0,0,0,0,0,0,0,0,0,0,0,0,0,0,0,0,0,0,0,0,0,0,0,0,0,0,0,0,0,0,0,0,0,0,0,0,0,0,0,0,0,0,0,0,0,18,0,0,0,0,0,2,0,0,0,0,0,0,0,0,0,0,0,0,0,0,0,0,0,0,0,0,0,0,0,0,0,0,0,0,0,0,0,0,0,0,0,0,0,0,0,0,0,0,0,0,0,0,0,0,6,0,0,0,0,0,0,0,0,0,0,0,0,0,0,0,0,0,0,0,0,0,0,0,0,0,0,0,0,0,0,0,0,0,0,0,0,0,0,0,0,0,0,0,0,0,0,0,0,6,0,0,0,0,0,0,0,0,0,0,0,0,0,0,0,0,0,0,0,0,0,0,0,0,0,0,0,0,0,0,0,0,0,0,0,0,0,0,0,0,4,0,0,0,0,0,0,0,0,0,0,0,0,0,0,0,0,0,0,0,0,0,0,0,0,3,3,0,0,0,0,0,0,0,0,0,0,0,0,0,0,0,0,0,0,0,0,0,0,0,0,0,0,0,0,0,2,2,2,0,0,0,0,0,0,0,0,0,0,0,0,0,0,0,1
"Spontaneous_H24_R3","Spontaneous_H24_R3","Spontaneous","H24",3,FALSE,42,0,7,53371,371,3801,6184,6974,35480,28,0,3184,2664,1018,3897,3062,22,1877,2462,0,0,1673,0,1056,0,380,1311,0,3089,0,1092,460,1185,473,9187,373,0,0,38,579,531,220,10,402,132,454,0,1498,23,0,95,0,2838,54,0,44,0,0,30,70,0,90,0,90,66,0,972,0,28,53,670,3269,8,0,0,0,25,0,0,13,309,0,0,0,138,0,53,0,0,135,0,0,0,32,0,0,213,144,0,0,129,101,0,0,0,0,0,0,0,0,0,22,0,0,0,0,0,0,0,0,0,0,0,32,0,0,0,0,25,0,41,0,0,0,0,77,0,0,0,63,19,0,0,0,0,0,0,0,14,0,0,92,0,19,0,0,0,0,0,105,0,0,46,0,0,43,46,0,0,0,0,18,34,0,18,0,0,0,0,0,0,0,150,0,0,0,0,0,0,0,0,0,0,0,0,0,0,0,0,0,50,0,0,47,0,0,0,0,0,0,0,0,0,0,0,0,29,0,133,0,0,0,0,0,0,0,0,0,0,0,0,0,0,0,0,0,0,318,102,0,4,143,0,0,0,0,0,0,0,0,12,0,0,0,0,40,9,0,6,0,0,0,0,0,0,0,0,0,0,0,0,0,0,0,0,0,0,0,0,0,0,0,0,0,0,0,0,0,0,208,0,0,0,0,0,0,0,11,0,0,7,0,27,0,0,0,0,0,0,0,0,0,0,0,184,0,0,0,0,0,39,172,0,0,0,0,0,0,0,0,163,0,4,15,0,0,0,0,0,0,0,0,0,0,0,0,0,0,0,0,0,0,0,0,0,0,0,0,0,0,0,0,0,0,0,0,0,0,0,0,0,0,0,0,0,0,51,0,0,0,0,0,0,0,0,0,0,0,0,0,0,0,0,0,0,0,0,0,0,0,0,0,0,0,0,0,0,0,0,0,0,0,0,0,0,0,0,0,0,0,0,0,19,0,0,0,0,0,0,0,0,0,0,0,0,0,0,0,0,0,0,0,0,0,0,0,25,0,0,0,0,0,0,0,0,0,0,0,0,0,0,0,0,0,0,0,0,0,0,0,0,0,0,0,0,0,0,0,0,0,0,0,0,0,0,0,0,0,0,0,0,0,0,0,0,0,0,0,0,0,0,0,0,0,0,0,0,0,0,0,0,0,0,0,0,0,0,0,0,0,0,0,4,0,10,0,0,0,0,0,0,0,0,0,0,0,0,11,0,0,0,0,0,0,0,0,0,0,0,0,0,0,0,0,0,0,0,0,0,0,0,0,0,0,0,0,0,0,0,0,0,0,0,0,0,0,0,0,0,0,0,0,0,0,0,0,0,0,0,0,0,56,0,0,0,0,0,0,0,0,0,0,0,0,0,0,0,0,0,0,0,0,0,0,0,0,0,0,0,0,24,0,0,0,0,0,0,0,0,0,31,0,0,0,0,0,0,0,0,0,0,0,0,0,0,0,0,0,0,0,0,0,0,0,0,0,0,45,0,0,0,0,0,0,0,0,0,0,0,0,0,0,0,0,0,0,0,0,3,0,0,0,0,0,0,0,0,0,0,0,0,0,0,0,0,0,0,0,0,0,0,0,0,0,0,0,0,0,0,0,0,0,0,30,0,0,0,0,0,0,0,0,0,0,0,0,0,10,0,0,0,0,0,0,0,0,0,0,0,0,0,0,0,0,0,0,0,0,0,28,0,0,0,0,0,0,0,0,0,0,0,0,0,0,0,0,5,0,0,0,0,0,0,0,0,0,0,0,0,0,0,0,0,0,0,0,0,0,0,0,0,22,0,0,0,0,0,0,0,0,0,0,0,0,0,0,0,0,0,0,0,0,0,0,0,0,0,0,0,18,18,0,0,0,9,0,0,0,0,0,0,0,0,0,0,0,0,0,6,0,0,0,0,0,0,0,0,0,0,0,0,0,0,0,0,0,0,0,0,0,0,0,0,0,0,0,0,0,0,0,0,0,0,0,0,0,0,0,0,0,0,0,0,0,0,0,0,0,0,0,0,0,0,0,0,0,0,0,0,0,0,0,0,0,0,0,0,0,7,0,0,0,0,0,0,0,0,0,0,0,0,0,0,6,0,0,0,0,0,0,0,0,0,0,0,0,0,0,0,0,0,0,5,5,0,0,0,0,0,0,0,0,0,0,0,0,0,0,0,0,0,0,0,0,0,0,0,0,0,0,0,0,0,0,0,0,0,0,0,0,0,0,0,0,0,0,0,0,0,0,3,0,0,0,0,0,0,0,0,0,0,0,0,0,0,0,0,0,0,0,0,0,0,0,0,0,0,0,0,0,0,0,0,0,0,0,0,0,0,0,0,0,0,0,0,0,0,0
"Spontaneous_H48_R1","Spontaneous_H48_R1","Spontaneous","H48",1,FALSE,66,59,0,5826,101932,11890,3189,15678,0,0,0,1564,0,1041,10608,13954,0,5234,10513,0,0,178,0,3712,0,0,0,0,448,0,0,904,0,0,21,975,0,0,21,1160,703,1094,0,2024,81,725,0,0,0,0,3108,0,475,0,0,62,0,0,0,9,0,0,0,0,0,0,113,0,0,35,113,0,0,0,0,0,6,0,0,0,454,0,0,0,22,0,23,0,0,139,0,0,0,11,0,0,1205,37,0,0,13,277,0,0,0,0,0,0,0,0,0,0,0,0,0,0,0,0,0,0,0,0,0,0,0,0,0,0,0,0,81,0,0,0,0,452,0,0,0,0,497,0,0,0,0,0,0,0,0,0,0,55,0,0,0,0,0,0,0,24,0,0,0,0,0,29,0,0,0,0,0,0,8,0,0,0,0,0,0,0,0,0,201,0,0,0,0,0,0,0,5,0,12,0,0,0,0,0,0,0,5,0,0,229,0,0,0,0,0,0,0,0,0,0,0,0,0,0,54,0,0,0,0,375,0,0,0,0,0,0,0,0,0,0,0,0,0,0,0,0,0,0,0,0,0,0,0,0,0,0,0,0,0,0,0,0,0,0,0,0,0,0,0,0,0,0,0,245,0,0,0,0,0,0,0,0,0,0,0,0,0,0,0,0,0,0,7,0,0,0,0,0,0,0,0,0,0,0,0,0,0,0,7,0,0,0,0,0,0,0,0,0,0,0,0,0,0,0,0,0,0,0,0,171,0,0,0,0,0,0,0,0,0,0,0,0,0,0,0,0,0,0,0,0,0,0,0,0,0,0,0,0,0,0,0,0,0,0,0,0,0,0,0,0,0,0,0,0,0,0,0,0,0,0,0,0,0,0,0,0,0,0,0,0,0,0,0,0,0,0,0,0,0,0,0,0,0,0,0,0,0,0,0,0,0,0,0,0,0,0,0,0,0,0,0,0,0,0,0,0,0,0,20,0,6,0,0,0,0,0,0,0,0,0,0,0,0,0,0,0,0,0,0,0,0,0,0,0,0,0,0,0,0,0,0,0,0,0,0,0,0,0,0,0,0,0,0,0,0,0,0,0,0,0,0,0,0,0,0,0,0,0,0,0,0,0,0,0,0,0,0,0,0,0,0,0,0,0,17,0,0,0,0,0,0,0,0,0,0,0,0,0,0,0,0,0,0,0,0,0,0,0,0,0,0,0,0,0,0,0,0,0,0,0,0,0,0,0,0,0,0,0,0,0,0,0,0,0,0,0,0,0,0,0,0,0,0,0,0,0,0,0,0,0,0,0,0,0,0,0,23,0,0,0,0,0,0,0,0,0,0,0,0,0,0,0,0,0,0,0,0,0,0,0,0,0,0,0,0,0,0,0,0,0,0,0,0,0,0,0,0,0,0,0,0,0,0,0,0,0,0,0,0,0,0,0,0,0,0,0,6,0,0,0,0,0,0,0,0,0,0,0,0,0,0,0,0,0,0,0,0,0,0,0,0,0,0,0,0,0,0,0,0,0,0,5,0,0,0,0,0,0,0,0,0,0,0,0,0,0,0,0,0,0,0,0,0,0,0,0,0,0,0,0,0,0,0,0,0,0,0,0,0,0,0,0,0,0,0,0,0,0,0,0,0,0,0,0,0,0,0,0,0,0,0,0,0,0,0,0,0,0,0,0,0,0,0,0,0,0,0,0,0,0,0,0,0,0,0,0,0,0,0,0,0,0,0,0,0,0,0,0,0,0,0,0,0,0,0,0,0,0,0,0,0,0,0,0,0,0,0,0,0,23,0,0,0,0,0,0,0,0,0,0,0,0,0,0,0,0,0,0,0,0,0,0,0,0,0,0,0,0,0,0,0,0,0,0,0,0,0,0,0,0,0,0,0,0,0,0,0,0,0,0,0,0,0,0,0,0,0,0,0,0,0,0,0,0,0,0,0,0,0,0,0,0,0,0,0,0,0,0,0,0,0,0,0,0,0,0,0,0,0,0,0,0,0,0,0,0,0,0,0,0,0,0,0,0,0,0,0,0,0,0,0,0,0,0,0,0,0,0,0,0,0,0,0,0,0,0,0,0,0,0,0,0,0,0,0,0,2,0,0,0,0,0,0,0,0,0,0,0,0,0,0,0,0,0,0,0,0,0,0,0,0,0,0,0,0,0,0,0,0,0,0,0,0,0,0,0,0,0,0,0,0,0,0,0,0,0,0,0,0,0,0,0,0,0,0,0,0,0,0,0,0,0,0,0,0,0,0,3,0,0,0,0,0,0,0,0,0,0,0,0,0,0,0,0,0,0,0,0,0,0,0,0,0,0,0,0,0,0,2,2,0,0,0,0,0,0,0,0,0,0,0,0,0,0
"Spontaneous_H48_R2","Spontaneous_H48_R2","Spontaneous","H48",2,FALSE,9,0,34071,4546,8021,7933,21153,6173,20632,306,878,2680,4053,9870,1537,962,5086,431,1195,2485,13359,2456,100,1055,0,1872,411,1726,0,1447,389,656,306,178,509,391,0,687,1387,2010,140,237,584,993,983,58,0,3331,844,0,70,790,0,683,0,897,0,0,453,4,0,44,0,1635,110,121,0,369,348,337,0,0,85,179,0,96,0,0,0,39,353,70,0,0,106,0,354,0,0,50,0,49,118,145,2161,0,0,19,0,772,0,0,0,0,0,0,1384,0,128,0,175,80,0,0,0,0,15,0,44,0,0,0,132,48,0,0,0,0,185,0,92,94,1082,1080,0,0,0,15,0,33,66,54,34,0,227,0,0,0,160,0,0,0,0,150,0,0,0,0,0,0,0,24,0,0,0,18,0,104,0,20,111,112,0,27,0,0,0,0,0,0,0,34,44,18,0,0,0,0,0,0,0,0,0,0,0,0,0,0,17,0,0,29,108,16,20,0,0,0,0,96,22,0,0,0,0,17,0,0,37,0,0,0,0,0,375,0,0,0,0,0,0,51,0,0,0,0,0,0,18,0,0,0,0,0,0,0,0,0,0,0,0,0,0,0,0,0,0,0,0,0,0,0,158,0,0,0,0,0,0,0,0,0,0,0,0,0,0,19,0,35,0,0,45,0,0,0,0,0,0,0,0,0,0,0,0,0,0,0,0,0,0,9,0,21,0,0,0,0,0,0,0,0,0,0,0,0,0,28,0,0,0,0,0,0,0,0,0,0,0,0,0,0,0,0,0,0,0,0,0,0,0,0,0,0,0,0,0,0,0,0,0,0,0,0,0,0,0,0,0,0,136,0,0,0,0,0,16,0,0,0,0,0,0,0,0,0,0,0,0,0,0,0,0,0,0,0,0,0,0,0,0,0,0,0,0,0,0,0,0,0,64,0,0,0,0,0,0,0,0,69,0,0,0,106,0,0,0,0,19,0,0,0,0,0,97,0,0,0,0,0,0,0,0,0,0,0,0,0,0,0,0,0,0,0,0,0,14,0,0,0,0,0,0,0,0,22,0,0,0,0,0,0,0,0,0,0,0,0,0,0,0,0,0,0,0,0,0,0,0,0,0,0,0,0,0,0,0,0,0,0,0,0,0,0,0,0,0,0,0,0,0,0,0,0,0,0,0,0,0,0,0,0,0,0,0,0,0,0,0,0,0,0,0,0,0,0,0,0,0,0,0,0,0,0,0,0,0,0,0,0,0,0,0,0,0,0,0,0,0,0,0,0,0,0,0,65,0,0,0,0,0,0,0,0,0,0,0,0,0,0,0,0,0,0,0,0,0,0,0,0,0,0,0,58,0,0,0,14,0,0,0,0,0,0,0,0,0,0,0,0,0,0,0,0,0,0,0,0,0,0,0,0,0,0,0,0,0,0,0,0,0,0,0,0,0,0,0,0,0,0,0,0,0,0,0,0,0,0,0,0,0,0,0,0,0,0,0,0,0,0,0,0,0,0,0,0,0,0,0,0,0,0,0,0,0,0,0,0,0,0,0,0,0,0,0,0,0,0,0,0,0,0,0,0,0,0,0,0,0,0,38,0,0,0,0,0,0,0,0,0,0,0,0,0,0,0,0,0,0,0,0,0,0,4,0,0,0,0,0,0,0,0,0,0,0,0,0,0,0,0,0,0,0,0,0,0,0,0,0,0,0,0,0,0,0,0,0,0,0,0,0,0,0,0,0,0,0,0,0,0,0,0,0,0,0,0,0,0,0,0,0,0,0,0,0,0,0,0,0,0,0,0,0,0,0,0,0,0,0,16,0,0,0,0,0,0,0,0,0,0,0,0,0,0,0,0,0,0,0,0,0,0,0,0,0,0,0,0,0,0,0,0,0,0,0,17,0,0,0,0,0,0,0,0,0,0,0,0,0,0,0,0,0,0,0,0,0,0,0,0,0,0,0,0,0,0,0,0,0,0,0,0,0,0,0,0,0,0,0,0,0,0,0,5,11,0,0,0,0,0,0,0,0,0,0,0,0,0,0,0,0,0,9,0,0,0,0,0,0,0,0,0,0,0,0,0,0,0,0,7,0,0,0,0,0,0,0,0,0,0,0,0,0,0,0,0,0,0,0,0,0,0,0,0,0,0,0,0,0,0,0,0,0,0,5,0,0,0,0,0,0,0,0,0,0,0,0,0,0,0,0,0,0,0,0,0,0,0,0,0,0,0,0,0,0,0,0,0,0,0,0,0,0,0,0,0,0,0,0,0,0,0,3,3,0,0,0,0,0,0,0,0,0,0,0,0,0,0,0,0,0,0,0,0,0,0,0,0,0,0,0,0,0,0,2,0,0,0,0,0,0,0,0,0,0,0,0,0
"Spontaneous_H48_R3","Spontaneous_H48_R3","Spontaneous","H48",3,FALSE,0,0,40964,684,307,22043,17057,11361,0,1206,13619,1079,1301,735,2169,6850,2030,451,1052,16944,2920,595,22,4288,0,1280,271,1595,560,10065,236,3567,220,0,1039,214,0,1126,463,421,79,1200,793,366,3550,0,0,0,363,0,324,463,0,569,631,113,0,0,3642,0,0,381,149,67,145,1633,167,376,521,1232,122,0,33,266,0,0,0,83,24,77,59,273,0,0,324,0,0,0,0,130,0,55,0,269,0,0,0,0,0,69,4,866,0,0,0,0,0,0,205,0,666,62,0,0,19,129,0,138,0,0,0,0,203,24,0,0,0,0,198,0,109,0,0,0,0,0,0,5,34,0,0,90,0,0,241,34,274,9,157,0,0,25,0,133,202,0,86,0,0,0,0,0,0,0,18,0,0,250,0,94,0,76,0,0,0,0,0,0,0,0,0,92,0,0,0,0,22,0,14,0,0,0,0,0,0,0,0,0,0,0,0,0,87,0,0,0,0,0,0,0,0,0,0,0,0,0,0,0,0,0,0,0,0,0,0,0,33,0,0,0,0,0,0,0,0,0,0,0,75,0,0,0,22,0,0,0,0,0,0,0,0,9,0,0,0,0,0,0,0,0,0,0,10,0,0,0,0,0,0,0,11,0,0,0,0,0,0,0,0,0,0,0,0,0,213,63,0,0,0,0,0,0,0,0,0,0,0,0,9,0,0,136,0,0,0,0,0,0,39,93,0,0,0,0,0,0,0,0,0,0,0,0,0,0,0,0,0,0,0,0,0,0,0,0,114,0,0,10,0,0,0,0,0,0,0,0,26,0,0,143,0,0,0,0,0,0,0,0,0,0,0,0,0,0,0,0,0,0,0,0,0,0,0,0,0,0,0,0,0,0,0,0,0,0,0,0,0,0,0,0,0,0,0,0,0,0,0,0,0,0,0,0,0,0,0,0,0,0,0,0,0,0,0,0,0,0,0,0,0,0,0,0,0,0,0,0,0,0,0,0,0,0,0,0,0,0,0,0,0,0,0,0,0,0,0,0,0,0,0,0,0,0,0,0,0,0,0,0,0,0,0,0,0,0,0,0,0,0,0,0,0,0,0,0,0,0,0,0,0,0,0,0,0,0,0,80,0,0,0,0,0,0,0,0,0,0,77,0,0,0,0,0,0,0,0,0,0,0,0,0,0,0,0,0,0,0,0,0,0,0,0,0,0,0,0,0,0,0,0,0,0,0,0,0,0,0,0,0,0,0,0,0,0,0,0,0,0,0,0,0,0,0,0,0,0,0,0,0,0,0,0,64,0,0,0,0,0,0,0,0,0,0,0,15,0,0,0,0,0,0,0,0,0,0,0,0,0,7,0,0,0,0,0,0,0,5,0,0,0,0,0,54,0,0,0,0,0,0,53,0,0,0,0,0,0,0,0,0,0,0,0,0,0,0,0,0,0,0,0,0,0,0,0,0,0,0,0,0,0,0,0,0,0,0,0,0,0,0,37,0,0,0,0,0,0,0,0,0,0,0,0,0,0,0,0,0,0,0,0,0,0,0,0,0,0,0,0,0,0,0,0,0,0,0,0,0,0,0,0,0,0,0,0,0,0,0,0,0,0,0,0,0,0,0,0,0,0,0,0,0,0,0,0,0,0,0,0,0,0,0,0,0,0,0,0,0,0,0,0,0,0,0,0,0,0,0,0,0,0,0,0,0,18,0,0,0,0,0,0,0,0,0,0,0,0,0,0,0,0,0,0,0,0,0,0,0,0,0,0,0,0,0,0,0,0,0,0,0,0,0,0,0,0,0,0,0,0,0,0,0,0,0,0,0,0,0,0,0,0,0,0,0,0,0,0,20,0,0,0,0,0,0,0,0,0,0,0,0,0,0,0,0,0,0,0,0,0,0,0,0,0,0,0,0,0,0,0,0,0,0,0,0,0,0,0,0,0,0,0,14,0,0,0,0,0,0,0,0,0,0,0,0,0,0,0,0,0,0,0,0,0,0,0,0,0,0,0,0,0,0,0,0,0,0,0,0,0,0,0,0,0,0,0,0,0,0,0,0,0,0,0,0,0,0,0,0,0,0,0,0,0,0,0,0,0,0,0,0,0,0,0,0,0,0,0,0,0,0,0,0,0,0,0,0,0,0,0,0,0,0,0,0,0,0,0,5,0,0,0,0,0,0,0,0,0,0,0,0,0,0,0,0,0,0,0,0,0,0,0,0,0,0,0,0,0,0,0,0,0,0,0,0,0,0,0,0,0,0,0,0,0,0,0,0,3,0,0,0,0,0,0,0,0,0,0,0,0,0,0,0,0,0,0,0,0,0,0,0,0,0,0,0,0,0,0,2,2,0,0,0,0,0,0,0,0,0,0,0
"Spontaneous_W1_R1","Spontaneous_W1_R1","Spontaneous","W1",1,FALSE,33963,0,30377,148,2215,6854,9046,3425,13567,580,8383,4760,306,2010,1721,412,1795,121,1645,537,949,2443,1291,639,0,1898,88,904,125,142,80,153,84,28,24,229,72,140,1691,655,55,301,128,823,1749,11,0,712,429,113,1157,1024,0,396,120,2030,6684,67,127,0,0,0,0,437,313,195,0,258,142,807,0,0,442,224,0,319,0,320,145,103,46,79,2797,0,0,0,814,0,0,0,0,84,51,176,0,0,0,41,0,159,0,0,0,0,58,1586,0,0,0,0,127,0,526,0,56,0,51,0,0,0,0,0,52,0,50,0,0,0,0,0,62,54,0,0,32,0,316,39,9,37,9,0,26,58,0,0,0,29,66,0,0,19,0,49,183,0,0,43,0,0,23,25,0,0,0,23,0,33,80,0,0,0,0,0,19,38,0,0,0,0,0,116,25,0,11,0,0,0,22,0,0,9,0,0,0,0,0,0,13,0,0,0,38,0,0,133,7,0,0,0,0,0,100,0,0,0,0,0,0,0,0,0,0,0,0,0,0,350,0,0,0,288,0,0,0,0,0,0,15,0,0,0,23,0,0,0,0,0,0,0,0,0,0,18,0,0,0,0,0,0,0,0,50,0,169,0,0,0,0,0,0,0,0,0,0,0,0,0,0,0,57,0,0,162,0,0,0,0,12,0,0,0,0,0,0,0,0,7,13,0,0,0,0,0,0,0,0,0,0,53,0,0,0,0,0,0,0,0,0,0,0,0,62,0,0,0,0,0,0,0,0,0,12,0,0,0,0,0,6,0,0,151,0,0,0,0,72,55,0,0,3,0,0,0,103,0,0,0,0,1,0,0,0,0,0,0,15,0,0,0,0,0,0,0,0,0,0,0,0,0,0,0,0,0,0,0,0,0,8,0,0,0,0,0,0,0,0,0,0,0,0,0,0,0,0,0,0,0,0,23,0,0,0,0,0,0,0,0,12,0,0,0,0,0,0,0,0,0,99,0,0,0,0,0,0,0,0,0,0,0,0,0,0,0,0,0,0,0,0,0,0,0,0,0,0,0,89,0,0,0,0,0,0,0,0,0,0,0,0,0,0,0,0,0,0,0,0,0,0,0,82,0,0,0,0,0,0,34,0,0,0,0,0,0,0,0,0,0,0,0,0,0,0,0,0,0,0,0,0,0,0,0,0,0,0,0,0,0,0,0,0,0,0,0,0,0,0,0,0,0,0,0,0,0,0,0,0,0,0,0,0,0,0,0,0,0,0,0,0,0,0,0,0,0,0,0,0,0,0,0,0,0,0,0,0,0,0,0,0,0,0,0,0,0,0,0,0,0,0,0,0,0,0,0,0,0,0,0,0,0,0,0,0,0,0,0,0,0,0,0,0,0,0,0,0,0,0,0,0,53,0,0,0,0,0,0,0,0,0,0,0,0,0,0,0,0,0,0,0,0,0,0,0,0,0,0,0,0,0,0,0,0,0,0,0,0,0,0,0,0,0,0,0,0,0,0,0,0,0,0,0,0,0,0,0,0,0,0,0,0,0,0,0,0,0,0,0,0,0,0,0,0,0,0,0,39,0,0,0,0,0,0,0,0,0,0,0,0,15,0,0,0,0,0,0,0,0,0,0,0,0,0,0,0,34,0,0,0,0,0,0,0,0,0,0,0,0,0,0,0,0,0,0,0,0,0,0,0,0,0,0,0,0,0,0,0,0,0,0,0,0,0,0,0,0,0,27,0,0,0,0,0,0,0,0,0,0,0,0,0,0,0,0,0,0,0,0,13,0,0,0,0,0,0,7,0,0,0,0,0,0,0,0,0,0,0,0,0,0,0,0,0,0,0,0,0,0,0,0,0,0,0,0,0,0,0,0,0,0,0,0,0,0,0,0,0,0,0,0,0,0,0,0,0,0,0,0,0,0,0,0,0,0,0,0,0,0,0,0,0,14,0,0,0,0,0,0,0,0,0,0,0,0,0,0,0,0,0,0,0,0,0,0,0,0,0,0,0,0,0,0,0,0,0,0,0,0,0,0,0,0,0,0,0,0,0,0,0,0,0,8,0,0,0,0,0,0,0,0,0,7,0,0,0,0,0,0,0,0,0,0,0,0,0,6,6,0,0,0,0,0,0,0,0,0,0,0,0,0,0,0,0,0,0,0,0,0,0,0,0,0,0,0,0,0,0,0,0,0,0,0,0,0,0,4,0,0,0,0,0,0,0,0,0,0,0,0,0,0,0,0,0,0,0,0,0,0,0,0,0,0,0,0,0,0,3,0,0,0,0,0,0,0,0,0,0,0,0,0,0,0,0,0,0,0,0,0,0,0,0,0,0,0,0,0,0,0,2,0,0,0,0,0,0,0,0,0,0
"Spontaneous_W1_R2","Spontaneous_W1_R2","Spontaneous","W1",2,FALSE,12496,0,56971,405,0,11545,3236,7055,621,0,0,12307,174,5351,2905,292,476,321,1993,770,1278,5976,24306,1606,0,966,149,219,0,490,61,949,82,0,56,350,0,575,160,712,119,484,478,1165,1208,41,0,1594,361,45,82,535,0,505,0,1285,0,270,304,0,0,0,0,302,1236,1135,0,233,250,511,0,0,84,137,309,160,159,306,1280,140,98,86,0,201,0,0,474,0,0,0,0,725,98,365,0,0,80,46,0,69,0,0,0,0,121,0,0,0,0,0,0,104,0,0,31,0,134,0,0,0,98,0,67,27,73,0,0,0,0,0,123,114,0,0,12,0,272,0,14,78,0,118,0,39,0,0,100,16,98,0,0,0,0,120,0,0,0,19,0,39,0,98,0,0,0,12,21,12,18,15,140,0,0,0,59,21,0,0,0,0,39,37,74,17,0,521,0,0,0,0,8,18,0,0,0,0,0,0,0,0,0,0,0,0,0,0,0,0,0,80,59,0,0,106,0,0,0,0,78,0,0,0,0,0,0,158,0,0,0,0,0,0,0,0,0,0,0,0,0,0,0,0,10,0,0,11,0,0,0,0,0,0,0,0,0,6,0,0,0,0,0,0,0,0,0,0,0,0,0,0,0,0,0,0,20,0,0,148,0,14,19,0,0,0,0,8,10,0,41,0,0,0,0,159,0,0,0,0,14,0,0,46,0,0,0,0,0,0,0,0,189,0,0,0,0,0,0,0,0,0,0,0,110,0,0,18,0,0,0,0,0,0,11,0,0,0,0,0,0,0,0,0,56,0,0,0,24,57,0,0,140,0,0,0,0,0,0,0,0,26,0,0,0,0,0,0,0,0,0,0,0,0,0,0,0,0,0,0,0,0,122,0,0,0,0,0,0,0,0,0,0,117,0,0,0,0,0,0,0,0,0,0,0,0,0,0,0,0,0,0,0,107,0,0,0,0,0,0,29,0,0,0,0,13,0,0,0,0,0,0,0,0,0,0,0,0,0,0,0,0,0,0,0,0,0,0,0,36,0,0,0,0,0,0,0,22,0,0,0,0,0,0,30,0,0,0,0,0,0,0,0,0,0,0,0,0,0,0,0,0,0,82,0,0,0,0,0,0,0,0,0,0,0,0,0,0,0,0,23,0,0,0,0,0,0,0,0,0,0,0,0,0,0,0,0,0,0,72,12,0,0,0,0,0,30,0,0,0,0,0,0,15,0,0,0,0,0,0,0,0,17,0,0,0,0,0,0,0,0,0,0,0,0,0,0,0,0,0,0,0,0,0,0,0,0,0,0,0,0,0,20,0,0,0,0,0,0,7,0,0,0,0,0,0,0,0,0,0,0,0,0,0,0,0,0,0,0,0,0,0,0,0,0,0,0,0,0,0,0,0,0,0,0,0,15,0,0,0,0,0,0,51,0,0,0,0,0,0,43,0,0,0,0,0,0,0,0,0,0,0,0,0,0,0,0,0,0,0,9,0,0,0,0,0,0,0,0,0,0,0,0,0,0,0,0,0,0,0,0,0,0,0,0,0,0,0,0,0,0,0,0,0,0,0,0,0,0,0,0,0,0,0,0,0,0,20,0,0,0,0,0,0,0,0,0,0,0,0,0,0,0,0,0,0,0,0,0,0,0,0,0,33,0,0,14,32,0,0,0,0,0,0,0,0,0,0,9,0,0,0,0,0,0,0,0,0,0,15,0,0,0,0,0,0,0,0,0,0,0,0,0,0,0,0,0,0,4,0,19,0,13,0,0,0,0,0,0,0,0,0,0,0,0,0,0,0,0,0,0,0,0,0,0,0,0,0,0,0,0,0,0,0,0,0,0,0,0,0,0,0,0,0,5,0,19,0,0,0,0,0,0,0,0,0,0,0,0,0,0,0,0,0,0,0,0,0,0,0,0,0,0,0,0,0,0,0,0,0,0,0,0,0,0,0,0,0,0,0,0,0,0,0,0,0,0,0,0,0,0,0,0,0,0,0,0,11,0,0,0,0,0,0,0,0,0,0,0,0,0,0,0,0,0,0,0,0,0,0,0,0,0,0,0,0,0,0,0,0,0,0,0,0,0,0,0,0,0,0,0,0,0,0,0,0,0,0,6,6,0,0,0,0,0,0,0,0,0,0,0,0,0,0,0,0,0,0,5,0,0,0,0,0,0,0,0,0,0,0,0,0,0,0,0,0,0,0,0,0,0,0,0,0,0,0,0,0,0,0,0,0,0,0,0,0,0,0,0,0,0,0,0,0,0,0,0,0,3,0,0,0,0,0,0,0,0,0,0,0,0,0,0,0,0,0,0,0,0,0,0,0,0,0,0,0,0,0,0,0,2,2,2,0,0,0,0,0,0,0
"Spontaneous_W1_R3","Spontaneous_W1_R3","Spontaneous","W1",3,FALSE,1226,0,40829,586,75,11842,13162,7480,0,36828,547,1793,147,1276,1803,504,4155,166,848,882,4590,1034,0,2337,0,2953,0,3695,907,535,0,1550,32,62,351,237,0,1905,736,1389,37,538,1166,416,1094,22,0,50,5319,0,549,860,0,858,151,1063,0,0,231,0,0,1210,4847,560,182,266,281,117,401,492,174,0,48,282,0,132,2964,133,158,175,52,107,0,123,0,2626,355,0,2453,0,0,107,1288,246,0,0,0,75,0,209,11,0,0,0,198,0,0,0,0,0,219,7,0,0,68,0,159,0,0,0,0,0,0,29,60,0,0,0,17,0,70,451,0,0,473,0,0,0,0,0,7,146,449,85,0,0,372,109,152,0,0,30,718,132,38,0,0,65,0,0,0,387,0,0,0,0,40,49,16,0,36,0,0,67,52,105,0,0,0,0,0,27,39,27,33,0,0,0,36,0,0,80,0,0,0,0,0,0,0,364,0,0,116,0,26,0,0,0,0,61,0,0,266,150,0,0,0,0,38,0,0,0,0,0,0,0,0,0,0,0,0,0,0,0,0,117,0,0,25,0,0,0,7,0,249,0,0,0,0,0,0,0,0,13,0,0,0,0,0,0,0,0,0,0,0,0,0,0,0,0,10,0,0,0,0,0,0,0,0,0,67,0,55,0,0,86,0,0,31,0,0,0,0,0,0,0,0,17,0,0,0,9,0,0,0,0,0,0,0,0,0,0,0,0,0,0,0,0,0,0,0,0,0,0,0,0,0,0,0,0,0,0,0,0,0,0,0,0,0,0,0,0,95,0,0,0,27,0,0,0,0,0,0,0,37,0,0,0,0,0,0,0,135,0,0,0,0,133,0,0,0,0,0,0,0,0,0,0,0,123,0,0,0,0,0,0,0,47,0,0,0,0,0,0,0,0,0,0,0,112,0,0,0,0,0,0,0,0,0,0,0,0,0,0,0,0,0,0,17,0,0,0,0,21,0,0,0,0,0,0,0,0,0,0,0,0,0,0,0,0,0,0,0,0,0,0,0,0,0,0,0,0,0,0,0,0,0,0,0,0,0,0,0,0,0,0,0,0,0,0,0,0,0,0,0,0,0,0,0,34,0,0,0,0,0,0,0,0,0,0,0,0,0,0,0,0,0,0,0,0,0,0,0,0,0,0,0,0,0,28,0,0,0,0,0,0,0,0,29,0,0,0,0,0,0,0,0,0,0,0,0,0,0,0,0,0,0,0,0,0,28,0,0,0,0,0,0,24,0,43,0,0,0,0,0,0,0,0,0,0,0,0,0,0,0,0,0,0,0,0,0,0,0,45,0,0,0,37,0,0,0,0,0,0,0,0,0,0,0,0,0,0,0,0,0,30,0,0,0,0,0,0,0,0,0,0,0,0,0,0,0,0,0,0,0,0,0,0,0,0,0,0,0,0,0,0,0,0,7,0,0,27,6,0,0,0,0,0,0,0,0,0,0,0,0,0,0,0,0,46,0,0,0,0,0,0,0,0,0,0,0,0,0,0,0,0,0,0,0,0,0,0,0,0,0,0,0,0,0,0,0,0,0,0,0,0,0,0,0,0,0,0,0,0,0,0,0,0,0,0,0,0,0,0,0,0,0,35,0,0,0,0,0,0,0,0,0,0,0,0,0,0,0,0,0,0,0,0,0,31,0,0,0,0,0,11,0,0,0,0,0,0,0,0,0,0,0,0,0,0,0,0,0,0,0,0,0,27,0,0,0,0,0,0,0,0,0,0,0,0,0,24,0,0,0,0,0,0,0,0,0,0,14,0,0,0,0,0,0,0,0,0,22,0,0,0,0,9,0,0,0,0,0,0,0,0,0,0,0,0,0,0,0,0,0,0,0,0,0,0,0,0,0,0,0,0,0,0,0,0,0,0,0,0,0,0,0,0,0,0,0,0,0,0,0,0,0,0,0,0,0,0,0,0,0,0,0,0,0,0,0,0,0,0,0,0,0,0,0,0,0,0,0,0,0,0,11,0,0,0,0,0,0,0,0,0,0,0,0,0,0,0,0,0,0,0,0,0,0,0,0,8,8,0,0,0,0,0,0,0,0,0,0,0,0,0,0,0,0,0,0,0,0,0,0,0,0,0,6,0,0,0,0,0,0,0,0,0,0,0,0,0,0,0,0,0,0,5,0,0,0,0,0,0,0,0,0,0,0,0,0,0,0,0,0,4,0,0,0,0,0,0,0,0,0,0,0,0,0,0,0,0,0,0,0,0,0,0,0,0,0,0,0,0,0,0,0,3,3,3,0,0,0,0,0,0,0,0,0,0,0,0,0,0,0,0,0,0,0,0,0,0,0,0,0,0,0,0,0,0,0,2,2,2,0,0,0,0
"Spontaneous_W2_R1","Spontaneous_W2_R1","Spontaneous","W2",1,FALSE,2671,1804,1458,1521,503,22663,10309,7845,8461,39534,22848,3276,1595,6971,5067,1089,1938,760,3547,230,312,2714,119,4520,0,1646,84,1235,0,124,173,3780,275,53,278,504,12718,206,0,398,173,582,219,658,58,0,0,0,103,14,344,915,0,590,0,58,0,0,97,0,0,0,104,0,0,265,0,26,371,146,0,878,0,203,0,0,0,56,14,1497,0,314,0,0,207,0,86,0,0,145,0,0,0,86,0,0,0,124,0,0,52,113,0,0,644,0,0,0,168,0,0,40,0,0,912,0,149,0,31,28,0,0,31,0,0,0,314,0,162,0,147,52,0,0,75,0,0,27,0,41,0,76,0,341,193,752,0,96,50,6,0,0,0,41,101,0,0,137,0,27,0,96,0,0,0,28,31,27,27,37,0,8,0,0,32,244,0,0,0,0,0,0,0,115,0,0,0,0,0,0,0,7,0,0,0,0,0,0,16,0,23,20,42,0,175,0,0,0,0,0,51,0,0,146,0,128,0,0,0,388,0,0,61,0,0,0,0,0,0,0,0,0,0,52,0,9,28,0,0,0,0,0,0,0,41,8,0,0,0,0,0,11,274,0,0,0,0,0,2,0,0,0,17,0,0,0,0,0,0,0,0,0,0,0,0,0,0,0,0,0,0,217,0,0,0,27,5,0,0,0,0,0,0,47,0,0,0,9,0,0,0,0,0,0,0,0,0,0,0,0,0,0,0,0,0,0,0,0,180,0,0,0,0,0,0,0,0,0,0,0,0,0,14,0,0,0,0,0,0,0,0,0,0,151,0,0,0,0,0,0,0,0,0,0,0,0,0,0,0,0,0,0,0,0,0,0,34,0,0,0,0,0,0,0,0,0,0,0,0,0,0,0,0,0,0,0,0,0,0,0,0,0,0,0,0,0,0,0,0,0,0,0,0,0,0,0,109,0,0,0,0,0,0,0,0,0,0,0,0,0,0,0,0,0,0,0,0,0,0,0,0,71,0,0,0,0,0,0,0,0,0,0,0,0,0,0,0,0,0,0,0,0,92,33,0,0,0,0,0,0,0,0,22,0,0,0,0,0,0,0,0,0,0,0,0,0,0,0,0,0,0,0,0,0,0,0,0,14,0,0,0,0,0,0,0,0,0,0,36,0,0,0,0,0,0,0,0,0,0,19,0,0,0,0,0,0,0,0,0,0,0,0,0,0,0,0,21,0,0,0,0,0,0,0,0,0,0,0,0,0,0,0,0,0,0,0,0,0,0,0,0,0,0,0,0,0,0,0,0,0,0,0,0,0,0,0,0,0,0,43,19,0,0,0,0,0,0,0,0,0,0,0,0,0,0,0,0,0,0,0,0,0,0,0,0,0,0,0,0,0,39,0,0,0,0,0,0,0,0,0,0,0,0,0,0,0,0,0,0,0,0,0,0,0,0,0,0,0,0,0,0,0,0,0,0,0,0,0,0,0,0,0,0,0,0,0,0,0,0,0,0,0,0,0,0,0,0,0,0,0,0,0,0,0,0,0,44,0,0,0,0,0,0,0,0,0,0,0,0,0,0,0,0,0,0,0,0,0,0,0,0,0,0,0,0,0,0,0,15,0,0,0,0,0,0,0,0,0,0,0,0,0,9,0,0,0,0,0,0,0,0,0,0,0,0,0,0,0,0,0,0,0,0,0,0,0,0,0,0,0,0,0,0,0,0,0,0,0,0,0,0,0,0,0,0,0,0,0,0,0,26,0,0,0,0,0,0,12,0,0,0,0,0,0,0,0,0,0,0,0,0,0,0,0,0,0,0,0,0,0,0,0,0,0,0,0,0,0,0,0,0,0,0,0,0,0,0,0,0,0,0,0,0,0,0,0,0,0,0,0,0,0,0,0,0,0,17,0,0,0,0,0,0,0,0,0,0,0,0,0,0,0,15,0,0,0,0,0,0,0,0,0,0,0,0,0,0,0,0,0,13,13,0,0,0,0,0,0,0,0,0,0,0,0,0,0,0,11,0,0,0,0,0,0,0,0,0,0,0,0,0,0,0,0,0,0,0,0,0,0,0,0,0,0,0,0,0,0,0,0,0,7,0,0,0,0,0,0,0,0,0,0,0,0,0,0,0,0,0,0,0,0,0,0,0,0,0,0,0,0,0,0,0,0,0,0,0,0,5,5,0,0,0,0,0,0,0,0,0,0,0,0,0,0,0,0,0,0,0,0,0,0,0,0,0,0,0,0,0,0,0,0,0,0,0,0,0,0,0,0,0,0,0,0,0,0,0,0,0,0,0,0,0,0,0,0,0,0,0,0,0,0,0,0,0,0,0,0,0,0,0,0,0,0,0,0,0,0,0,0,0,0,0,0,2,2,0,0
"Spontaneous_W2_R2","Spontaneous_W2_R2","Spontaneous","W2",2,FALSE,7799,5062,0,104,0,8658,10699,9976,0,0,0,4484,253,2133,1415,1876,4205,235,511,2405,1677,2038,0,1658,21974,3192,0,2892,11440,1367,0,1143,0,33,905,195,0,125,338,1295,0,1875,126,272,241,0,0,0,0,37,59,1227,0,1788,0,255,0,0,685,0,6157,2917,260,438,25,494,3138,15,1501,323,2941,0,0,367,3310,42,0,9,1165,612,0,65,0,2463,0,53,181,0,0,0,0,0,156,113,0,0,0,116,0,244,1472,0,0,0,331,0,0,0,651,0,0,75,0,0,154,0,401,0,0,0,0,0,193,34,195,0,0,0,0,0,60,0,0,0,455,0,0,0,5,33,0,229,0,166,0,0,0,266,0,0,0,0,0,0,0,0,0,271,0,0,0,9,0,0,0,8,72,95,139,0,0,13,0,0,82,100,0,0,0,0,0,0,0,55,0,0,0,0,0,0,0,378,0,0,0,0,0,0,27,0,91,0,0,0,0,0,0,0,0,0,28,0,0,0,0,0,0,0,0,0,0,0,24,0,0,0,0,0,0,0,342,0,0,29,0,70,0,0,0,0,0,0,0,0,0,66,0,0,0,0,0,0,0,108,0,0,0,0,0,0,0,0,0,0,0,0,0,0,0,0,0,0,0,0,0,0,0,0,0,0,0,0,0,0,0,28,0,0,0,0,0,0,0,0,0,0,0,0,0,0,0,0,0,0,196,0,0,0,17,0,0,0,0,0,0,0,0,0,0,0,0,0,0,0,0,0,0,0,0,0,0,0,14,0,0,0,0,0,0,0,0,0,0,0,0,0,0,15,0,0,0,0,0,0,0,0,0,0,0,0,0,0,0,0,0,0,24,0,0,0,0,0,0,0,0,0,0,0,0,0,0,0,0,0,0,0,0,0,0,0,0,0,0,0,0,0,0,0,0,0,0,0,0,0,0,0,0,0,0,0,0,0,0,0,0,0,0,0,0,0,0,0,4,23,0,0,0,101,0,0,0,0,0,0,0,0,0,0,0,0,0,0,0,0,0,0,0,57,0,0,0,0,0,0,0,0,0,0,0,0,0,0,0,0,0,0,0,0,0,0,0,0,0,0,0,0,0,0,0,38,0,0,0,0,0,0,80,0,0,0,0,0,0,0,0,0,0,0,0,0,0,0,0,0,0,0,0,0,0,27,0,0,0,0,0,0,0,0,31,0,0,0,0,0,0,0,0,0,0,70,0,28,0,0,0,0,0,0,0,0,23,0,0,0,0,0,0,43,0,0,0,0,0,0,0,0,0,0,0,0,0,0,0,0,0,0,0,0,0,0,0,0,0,0,0,0,0,0,0,0,0,0,0,0,0,0,0,0,0,0,0,0,0,0,0,20,0,0,0,0,0,0,54,0,0,0,0,0,0,0,0,0,0,0,0,0,0,0,0,0,0,0,0,0,0,0,0,0,0,0,0,12,0,0,0,0,0,0,0,0,0,48,0,0,0,0,0,0,0,0,0,0,0,0,0,0,0,0,45,0,0,0,0,0,0,0,0,0,0,0,0,0,0,0,0,0,0,0,0,0,0,0,14,0,0,0,0,0,0,27,0,0,0,0,0,0,0,0,0,0,0,0,0,0,0,0,0,0,0,0,0,0,0,0,0,0,0,0,0,0,0,0,0,0,0,0,0,0,0,0,0,0,0,0,0,0,0,0,0,0,0,0,0,0,0,0,0,0,0,0,0,0,0,0,0,0,0,0,0,0,0,26,0,0,0,0,0,0,0,0,0,0,0,0,0,0,0,0,0,0,0,0,0,0,0,0,0,0,0,0,0,0,0,22,0,0,0,0,0,0,0,0,0,0,0,0,0,0,0,0,0,0,0,0,0,0,0,0,0,0,0,0,0,0,0,0,0,17,17,0,0,0,0,0,0,0,0,0,0,0,0,0,0,15,0,0,0,0,0,0,0,0,0,0,0,0,0,0,0,0,0,0,0,0,0,0,0,0,12,0,0,0,0,0,0,0,0,0,0,0,0,0,0,0,0,0,0,0,0,0,0,0,0,0,0,0,0,0,0,0,0,0,0,0,0,0,0,0,0,0,0,0,7,0,0,0,0,0,0,0,0,0,0,0,0,0,0,0,0,0,0,0,0,0,0,0,0,0,0,0,0,0,0,0,0,0,0,0,0,0,5,0,0,0,0,0,0,0,0,0,0,0,0,0,0,0,4,0,0,0,0,0,0,0,0,0,0,0,0,0,0,0,0,0,0,0,0,0,0,0,0,0,0,0,0,0,0,0,0,0,0,0,0,0,0,0,0,0,0,0,0,0,0,0,0,0,0,0,0,0,0,0,0,0,0,0,0,0,0,0,0,0,0,0,0,0,2,0
"Spontaneous_W2_R3","Spontaneous_W2_R3","Spontaneous","W2",3,FALSE,60881,0,35972,1592,8941,5314,5152,10430,17746,42,1189,6488,1043,8064,2161,1996,2537,511,1309,1951,500,2219,0,1330,0,1168,222,411,475,1131,196,573,181,234,450,627,0,274,107,443,134,1318,224,1011,715,194,9081,668,237,173,594,567,0,426,0,581,0,0,449,0,0,0,0,93,411,212,187,47,183,330,114,0,108,37,0,702,57,0,6,68,0,40,0,0,99,18,210,2661,92,115,128,99,49,111,0,0,127,32,0,33,20,0,0,0,30,0,0,0,0,0,39,148,0,0,32,0,33,0,0,21,140,0,0,84,0,0,0,0,70,0,100,128,0,0,0,0,0,0,11,22,0,82,93,24,0,0,0,0,76,0,0,0,16,58,0,0,0,0,0,0,0,8,0,61,0,0,0,9,0,13,32,0,0,0,0,37,5,0,0,0,0,22,0,0,0,0,0,219,0,0,0,0,0,0,0,0,166,0,0,0,0,0,53,43,0,0,0,0,0,0,46,0,36,0,0,30,0,0,49,0,0,0,0,0,0,140,0,0,0,0,0,0,0,0,0,0,134,0,5,0,0,0,0,0,0,0,0,0,0,0,0,0,0,0,0,0,0,0,0,0,0,0,0,0,0,0,0,0,0,0,24,0,0,0,36,0,0,53,0,170,0,0,45,0,0,0,0,0,0,0,0,0,0,0,0,0,0,4,0,0,0,0,0,0,0,0,0,0,0,0,0,0,0,0,0,0,0,0,0,0,0,0,0,0,0,24,0,0,0,0,0,0,0,0,0,0,0,0,0,0,0,0,0,0,0,0,0,0,0,0,0,0,0,0,0,0,0,0,0,0,0,0,0,0,11,0,0,0,0,0,0,0,0,0,0,28,62,0,0,0,0,0,0,0,0,0,0,0,0,0,118,0,0,0,0,0,0,0,0,0,0,0,0,0,0,0,0,0,0,0,0,0,0,0,0,0,0,0,0,0,0,0,0,0,0,0,0,0,0,0,0,0,0,0,0,0,0,0,0,0,0,0,0,0,0,0,0,0,0,0,0,0,0,0,0,0,0,0,0,0,0,0,0,0,0,0,0,0,0,0,0,0,0,0,0,0,0,0,0,0,0,0,0,0,0,0,0,0,0,0,0,0,0,0,0,0,0,0,0,0,0,0,0,75,0,0,0,0,0,0,0,0,0,0,0,0,0,0,0,0,0,0,0,0,22,0,0,0,0,0,0,4,0,0,0,0,0,0,0,0,0,68,0,0,0,0,0,0,0,0,0,0,0,0,0,0,0,0,0,0,0,0,0,0,0,0,0,0,0,0,0,0,0,0,0,0,0,0,0,0,0,0,0,0,0,0,0,0,0,0,0,0,0,0,0,0,0,0,0,0,0,0,0,0,0,0,0,0,0,0,0,0,0,0,0,0,0,0,0,0,0,0,0,0,0,0,0,0,0,0,0,0,43,49,0,0,0,0,0,0,0,0,0,0,0,0,0,0,0,0,0,0,0,0,0,0,0,0,0,0,0,0,0,0,0,0,0,0,0,0,0,0,0,0,0,0,0,0,0,0,0,0,0,0,0,0,0,0,0,0,0,0,0,0,0,0,0,0,0,0,0,0,0,0,0,0,0,0,0,0,0,0,0,0,0,0,0,0,0,0,0,0,0,0,0,0,0,0,0,0,31,0,0,0,0,0,0,0,0,0,0,0,11,0,0,0,0,0,0,0,28,0,0,0,0,0,0,0,0,0,0,0,0,0,0,0,0,0,0,0,0,0,0,0,0,0,0,0,0,0,0,0,0,0,16,0,0,0,0,0,0,0,0,0,0,0,0,0,0,0,0,0,0,0,0,0,0,0,0,0,0,0,0,0,0,0,0,0,0,0,0,0,0,0,0,0,0,0,0,0,0,0,0,16,16,0,0,0,0,0,0,0,0,0,0,0,0,0,0,0,0,14,0,0,0,0,0,0,0,0,0,0,0,0,0,0,0,0,0,0,0,0,0,0,0,0,0,0,0,0,0,0,0,0,0,0,0,0,0,0,0,0,0,0,0,0,0,0,0,0,0,0,0,8,0,0,0,0,0,0,0,0,0,0,0,0,0,0,0,0,0,0,0,0,0,0,0,0,0,0,0,0,0,0,0,0,0,0,0,0,0,0,0,0,0,0,0,0,0,0,0,5,0,0,0,0,0,0,0,0,0,0,0,0,0,0,0,4,0,0,0,0,0,0,0,0,0,0,0,0,0,0,0,0,0,0,0,0,0,0,0,0,0,0,0,0,0,0,0,0,0,0,0,0,0,0,0,0,0,0,0,0,0,0,0,0,0,0,0,0,0,0,0,0,0,0,0,0,0,0,0,0,0,0,0,0,0,0
